"tm","ECG","CVP"
0,-0.14,4.781
0.003,-0.153,4.781
0.006,-0.151,4.831
0.008,-0.137,4.831
0.011,-0.131,4.88
0.014,-0.136,4.93
0.017,-0.142,5.03
0.019,-0.14,5.08
0.022,-0.132,5.03
0.025,-0.127,4.93
0.028,-0.129,4.831
0.031,-0.139,4.781
0.033,-0.147,4.781
0.036,-0.147,4.731
0.039,-0.142,4.582
0.042,-0.141,4.382
0.044,-0.143,4.183
0.047,-0.147,4.034
0.05,-0.147,3.934
0.053,-0.145,3.835
0.056,-0.143,3.635
0.058,-0.141,3.436
0.061,-0.141,3.287
0.064,-0.144,3.137
0.067,-0.147,3.038
0.069,-0.146,2.839
0.072,-0.142,2.639
0.075,-0.141,2.49
0.078,-0.143,2.341
0.081,-0.147,2.291
0.083,-0.147,2.241
0.086,-0.145,2.141
0.089,-0.142,2.042
0.092,-0.138,1.992
0.094,-0.137,1.992
0.097,-0.137,1.992
0.1,-0.142,1.992
0.103,-0.145,1.992
0.106,-0.143,1.992
0.108,-0.139,1.992
0.111,-0.138,2.092
0.114,-0.141,2.191
0.117,-0.142,2.291
0.119,-0.141,2.341
0.122,-0.137,2.291
0.125,-0.135,2.291
0.128,-0.135,2.39
0.131,-0.137,2.49
0.133,-0.138,2.49
0.136,-0.138,2.49
0.139,-0.137,2.49
0.142,-0.134,2.54
0.144,-0.133,2.59
0.147,-0.132,2.54
0.15,-0.131,2.49
0.153,-0.13,2.44
0.156,-0.128,2.44
0.158,-0.124,2.59
0.161,-0.123,2.689
0.164,-0.127,2.639
0.167,-0.131,2.639
0.169,-0.128,2.639
0.172,-0.122,2.639
0.175,-0.118,2.639
0.178,-0.12,2.639
0.181,-0.123,2.639
0.183,-0.125,2.59
0.186,-0.125,2.59
0.189,-0.122,2.639
0.192,-0.117,2.639
0.194,-0.117,2.59
0.197,-0.123,2.49
0.2,-0.129,2.39
0.203,-0.128,2.39
0.206,-0.124,2.39
0.208,-0.123,2.341
0.211,-0.123,2.241
0.214,-0.123,2.241
0.217,-0.123,2.241
0.219,-0.122,2.241
0.222,-0.118,2.141
0.225,-0.114,1.942
0.228,-0.115,1.793
0.231,-0.118,1.743
0.233,-0.119,1.743
0.236,-0.118,1.743
0.239,-0.115,1.594
0.242,-0.113,1.444
0.244,-0.112,1.345
0.247,-0.115,1.295
0.25,-0.119,1.195
0.253,-0.12,1.145
0.256,-0.116,1.145
0.258,-0.11,1.096
0.261,-0.107,1.046
0.264,-0.108,0.946
0.267,-0.112,0.896
0.269,-0.113,0.896
0.272,-0.108,0.896
0.275,-0.104,0.896
0.278,-0.105,0.896
0.281,-0.107,0.946
0.283,-0.107,0.996
0.286,-0.105,0.946
0.289,-0.103,0.946
0.292,-0.101,1.046
0.294,-0.1,1.096
0.297,-0.102,1.195
0.3,-0.104,1.345
0.303,-0.101,1.394
0.306,-0.094,1.444
0.308,-0.088,1.494
0.311,-0.087,1.643
0.314,-0.09,1.793
0.317,-0.092,1.942
0.319,-0.089,2.042
0.322,-0.084,2.191
0.325,-0.085,2.241
0.328,-0.089,2.241
0.331,-0.093,2.341
0.333,-0.092,2.49
0.336,-0.089,2.59
0.339,-0.088,2.59
0.342,-0.085,2.59
0.344,-0.084,2.689
0.347,-0.085,2.888
0.35,-0.085,2.938
0.353,-0.082,2.938
0.356,-0.077,2.839
0.358,-0.075,2.888
0.361,-0.075,3.038
0.364,-0.077,3.088
0.367,-0.082,3.038
0.369,-0.084,2.988
0.372,-0.079,2.988
0.375,-0.074,3.038
0.378,-0.072,3.137
0.381,-0.073,3.187
0.383,-0.073,3.187
0.386,-0.071,3.187
0.389,-0.07,3.187
0.392,-0.067,3.137
0.394,-0.064,3.088
0.397,-0.065,3.137
0.4,-0.07,3.187
0.403,-0.069,3.137
0.406,-0.061,3.137
0.408,-0.055,3.187
0.411,-0.055,3.287
0.414,-0.057,3.337
0.417,-0.057,3.287
0.419,-0.056,3.287
0.422,-0.056,3.337
0.425,-0.055,3.386
0.428,-0.054,3.386
0.431,-0.055,3.436
0.433,-0.057,3.436
0.436,-0.055,3.436
0.439,-0.05,3.486
0.442,-0.047,3.486
0.444,-0.05,3.536
0.447,-0.055,3.635
0.45,-0.055,3.685
0.453,-0.05,3.685
0.456,-0.044,3.685
0.458,-0.041,3.685
0.461,-0.043,3.685
0.464,-0.048,3.735
0.467,-0.05,3.735
0.469,-0.046,3.685
0.472,-0.041,3.635
0.475,-0.04,3.586
0.478,-0.042,3.586
0.481,-0.045,3.586
0.483,-0.045,3.536
0.486,-0.041,3.536
0.489,-0.04,3.635
0.492,-0.039,3.635
0.494,-0.04,3.586
0.497,-0.042,3.486
0.5,-0.046,3.536
0.503,-0.045,3.635
0.506,-0.04,3.685
0.508,-0.036,3.635
0.511,-0.039,3.586
0.514,-0.042,3.635
0.517,-0.04,3.685
0.519,-0.034,3.735
0.522,-0.031,3.735
0.525,-0.032,3.635
0.528,-0.032,3.635
0.531,-0.034,3.685
0.533,-0.035,3.785
0.536,-0.03,3.785
0.539,-0.024,3.735
0.542,-0.024,3.735
0.544,-0.031,3.685
0.547,-0.036,3.735
0.55,-0.035,3.835
0.553,-0.031,3.934
0.556,-0.029,3.984
0.558,-0.027,3.934
0.561,-0.027,3.884
0.564,-0.031,3.934
0.567,-0.033,4.034
0.569,-0.031,4.133
0.572,-0.026,4.133
0.575,-0.02,4.133
0.578,-0.019,4.084
0.581,-0.022,4.133
0.583,-0.027,4.084
0.586,-0.029,4.084
0.589,-0.027,4.034
0.592,-0.024,4.034
0.594,-0.025,4.034
0.597,-0.028,3.984
0.6,-0.03,3.984
0.603,-0.027,3.884
0.606,-0.024,3.785
0.608,-0.024,3.735
0.611,-0.026,3.685
0.614,-0.026,3.635
0.617,-0.023,3.635
0.619,-0.019,3.635
0.622,-0.018,3.635
0.625,-0.022,3.536
0.628,-0.026,3.436
0.631,-0.026,3.386
0.633,-0.023,3.486
0.636,-0.018,3.536
0.639,-0.017,3.536
0.642,-0.02,3.536
0.644,-0.024,3.586
0.647,-0.023,3.635
0.65,-0.017,3.635
0.653,-0.011,3.685
0.656,-0.011,3.735
0.658,-0.018,3.685
0.661,-0.025,3.685
0.664,-0.022,3.735
0.667,-0.012,3.835
0.669,-0.004,3.884
0.672,-0.004,3.835
0.675,-0.006,3.785
0.678,-0.005,3.835
0.681,0.004,3.984
0.683,0.031,4.034
0.686,0.08,4.034
0.689,0.141,3.984
0.692,0.204,3.984
0.694,0.272,4.034
0.697,0.338,4.034
0.7,0.385,4.034
0.703,0.415,4.084
0.706,0.456,4.034
0.708,0.545,3.984
0.711,0.704,3.984
0.714,0.934,3.984
0.717,1.209,3.934
0.719,1.492,3.884
0.722,1.744,3.934
0.725,1.906,3.984
0.728,1.883,3.984
0.731,1.616,3.984
0.733,1.176,3.934
0.736,0.721,3.884
0.739,0.344,3.934
0.742,0.03,3.934
0.744,-0.232,3.984
0.747,-0.408,4.034
0.75,-0.491,4.084
0.753,-0.522,4.133
0.756,-0.536,4.133
0.758,-0.532,4.233
0.761,-0.523,4.382
0.764,-0.526,4.482
0.767,-0.521,4.582
0.769,-0.482,4.681
0.772,-0.427,4.781
0.775,-0.4,4.93
0.778,-0.4,5.129
0.781,-0.391,5.428
0.783,-0.355,5.627
0.786,-0.31,5.827
0.789,-0.276,6.125
0.792,-0.259,6.474
0.794,-0.256,6.922
0.797,-0.264,7.371
0.8,-0.28,7.769
0.803,-0.298,8.167
0.806,-0.31,8.516
0.808,-0.311,8.865
0.811,-0.307,9.263
0.814,-0.302,9.761
0.817,-0.298,10.309
0.819,-0.3,10.757
0.822,-0.31,11.056
0.825,-0.322,11.355
0.828,-0.324,11.703
0.831,-0.319,12.151
0.833,-0.322,12.6
0.836,-0.332,12.948
0.839,-0.337,13.247
0.842,-0.339,13.496
0.844,-0.344,13.745
0.847,-0.349,14.094
0.85,-0.344,14.392
0.853,-0.335,14.592
0.856,-0.334,14.641
0.858,-0.339,14.691
0.861,-0.341,14.94
0.864,-0.343,15.239
0.867,-0.344,15.388
0.869,-0.342,15.488
0.872,-0.339,15.588
0.875,-0.34,15.687
0.878,-0.342,15.737
0.881,-0.34,15.687
0.883,-0.336,15.538
0.886,-0.334,15.339
0.889,-0.331,15.04
0.892,-0.329,14.741
0.894,-0.33,14.442
0.897,-0.334,14.143
0.9,-0.334,13.745
0.903,-0.329,13.297
0.906,-0.322,12.749
0.908,-0.322,12.251
0.911,-0.325,11.703
0.914,-0.326,11.155
0.917,-0.321,10.608
0.919,-0.313,10.01
0.922,-0.305,9.412
0.925,-0.304,8.865
0.928,-0.307,8.367
0.931,-0.31,7.918
0.933,-0.307,7.47
0.936,-0.297,7.022
0.939,-0.289,6.624
0.942,-0.287,6.175
0.944,-0.291,5.827
0.947,-0.293,5.428
0.95,-0.29,5.03
0.953,-0.284,4.532
0.956,-0.279,4.034
0.958,-0.278,3.635
0.961,-0.28,3.287
0.964,-0.28,3.038
0.967,-0.274,2.739
0.969,-0.266,2.39
0.972,-0.262,2.092
0.975,-0.265,1.743
0.978,-0.267,1.444
0.981,-0.266,1.145
0.983,-0.265,0.797
0.986,-0.264,0.398
0.989,-0.261,0.05
0.992,-0.257,-0.199
0.994,-0.258,-0.398
0.997,-0.262,-0.647
1,-0.262,-0.946
1.003,-0.259,-1.195
1.006,-0.255,-1.394
1.008,-0.253,-1.594
1.011,-0.256,-1.793
1.014,-0.261,-1.992
1.017,-0.265,-2.141
1.019,-0.262,-2.241
1.022,-0.258,-2.291
1.025,-0.259,-2.39
1.028,-0.268,-2.49
1.031,-0.277,-2.54
1.033,-0.281,-2.59
1.036,-0.283,-2.59
1.039,-0.288,-2.59
1.042,-0.292,-2.54
1.044,-0.296,-2.54
1.047,-0.3,-2.49
1.05,-0.302,-2.39
1.053,-0.304,-2.291
1.056,-0.307,-2.291
1.058,-0.315,-2.341
1.061,-0.324,-2.341
1.064,-0.327,-2.241
1.067,-0.327,-1.992
1.069,-0.329,-1.843
1.072,-0.333,-1.793
1.075,-0.337,-1.743
1.078,-0.342,-1.693
1.081,-0.347,-1.643
1.083,-0.351,-1.494
1.086,-0.351,-1.345
1.089,-0.35,-1.245
1.092,-0.355,-1.195
1.094,-0.363,-1.145
1.097,-0.368,-1.096
1.1,-0.367,-0.996
1.103,-0.364,-0.946
1.106,-0.363,-0.946
1.108,-0.363,-0.896
1.111,-0.363,-0.747
1.114,-0.364,-0.548
1.117,-0.363,-0.398
1.119,-0.357,-0.349
1.122,-0.353,-0.349
1.125,-0.356,-0.249
1.128,-0.362,-0.149
1.131,-0.363,0.05
1.133,-0.357,0.149
1.136,-0.352,0.149
1.139,-0.347,0.05
1.142,-0.343,0.05
1.144,-0.343,0.1
1.147,-0.345,0.199
1.15,-0.34,0.349
1.153,-0.326,0.498
1.156,-0.315,0.647
1.158,-0.313,0.797
1.161,-0.315,0.896
1.164,-0.315,0.847
1.167,-0.31,0.747
1.169,-0.305,0.747
1.172,-0.298,0.896
1.175,-0.289,1.195
1.178,-0.281,1.494
1.181,-0.274,1.843
1.183,-0.269,2.092
1.186,-0.265,2.141
1.189,-0.26,2.141
1.192,-0.256,2.191
1.194,-0.252,2.241
1.197,-0.249,2.39
1.2,-0.24,2.59
1.203,-0.226,2.739
1.206,-0.216,2.839
1.208,-0.214,2.988
1.211,-0.213,3.038
1.214,-0.209,3.088
1.217,-0.202,3.038
1.219,-0.195,2.938
1.222,-0.188,2.839
1.225,-0.185,2.789
1.228,-0.183,2.739
1.231,-0.177,2.689
1.233,-0.166,2.59
1.236,-0.156,2.49
1.239,-0.151,2.291
1.242,-0.147,2.092
1.244,-0.141,1.942
1.247,-0.133,1.843
1.25,-0.128,1.693
1.253,-0.123,1.444
1.256,-0.118,1.295
1.258,-0.113,1.145
1.261,-0.111,0.996
1.264,-0.11,0.847
1.267,-0.105,0.747
1.269,-0.097,0.697
1.272,-0.091,0.647
1.275,-0.092,0.598
1.278,-0.094,0.548
1.281,-0.089,0.548
1.283,-0.077,0.598
1.286,-0.069,0.647
1.289,-0.065,0.647
1.292,-0.06,0.647
1.294,-0.055,0.647
1.297,-0.053,0.697
1.3,-0.052,0.747
1.303,-0.045,0.747
1.306,-0.035,0.747
1.308,-0.031,0.797
1.311,-0.034,0.847
1.314,-0.033,0.896
1.317,-0.025,0.996
1.319,-0.015,0.996
1.322,-0.01,0.996
1.325,-0.013,0.946
1.328,-0.02,0.946
1.331,-0.022,0.996
1.333,-0.017,1.096
1.336,-0.01,1.145
1.339,-0.009,1.096
1.342,-0.011,0.996
1.344,-0.009,0.946
1.347,-0.004,0.946
1.35,-0.003,0.946
1.353,-0.005,0.896
1.356,-0.004,0.847
1.358,-0.003,0.747
1.361,-0.003,0.598
1.364,-0.003,0.598
1.367,-0.002,0.647
1.369,0.003,0.647
1.372,0.007,0.498
1.375,0.008,0.398
1.378,0.007,0.398
1.381,0.007,0.398
1.383,0.011,0.349
1.386,0.017,0.249
1.389,0.02,0.199
1.392,0.022,0.199
1.394,0.021,0.199
1.397,0.019,0.149
1.4,0.021,0.199
1.403,0.027,0.199
1.406,0.034,0.199
1.408,0.031,0.149
1.411,0.023,0.199
1.414,0.02,0.249
1.417,0.028,0.249
1.419,0.039,0.249
1.422,0.041,0.299
1.425,0.035,0.299
1.428,0.03,0.398
1.431,0.033,0.498
1.433,0.039,0.598
1.436,0.038,0.598
1.439,0.031,0.697
1.442,0.027,0.797
1.444,0.029,0.797
1.447,0.031,0.747
1.45,0.029,0.747
1.453,0.028,0.747
1.456,0.031,0.797
1.458,0.033,0.847
1.461,0.03,0.896
1.464,0.026,0.946
1.467,0.029,0.996
1.469,0.036,0.996
1.472,0.038,1.046
1.475,0.032,1.046
1.478,0.025,1.046
1.481,0.024,1.046
1.483,0.027,0.996
1.486,0.031,0.946
1.489,0.03,0.996
1.492,0.026,1.046
1.494,0.026,1.046
1.497,0.031,0.996
1.5,0.034,0.996
1.503,0.036,0.896
1.506,0.039,0.847
1.508,0.039,0.896
1.511,0.037,0.946
1.514,0.04,0.896
1.517,0.05,0.797
1.519,0.063,0.747
1.522,0.073,0.747
1.525,0.081,0.747
1.528,0.094,0.847
1.531,0.104,0.847
1.533,0.113,0.847
1.536,0.121,0.747
1.539,0.131,0.697
1.542,0.139,0.747
1.544,0.147,0.847
1.547,0.159,0.946
1.55,0.171,1.096
1.553,0.169,1.195
1.556,0.158,1.295
1.558,0.153,1.345
1.561,0.157,1.444
1.564,0.157,1.544
1.567,0.151,1.693
1.569,0.151,1.793
1.572,0.163,1.892
1.575,0.181,2.042
1.578,0.191,2.241
1.581,0.191,2.44
1.583,0.19,2.54
1.586,0.196,2.639
1.589,0.201,2.789
1.592,0.195,3.088
1.594,0.183,3.287
1.597,0.18,3.436
1.6,0.187,3.536
1.603,0.19,3.635
1.606,0.18,3.835
1.608,0.166,4.084
1.611,0.163,4.333
1.614,0.166,4.482
1.617,0.161,4.631
1.619,0.143,4.781
1.622,0.118,4.98
1.625,0.091,5.129
1.628,0.062,5.279
1.631,0.034,5.329
1.633,0.018,5.428
1.636,0.02,5.578
1.639,0.03,5.677
1.642,0.036,5.727
1.644,0.035,5.777
1.647,0.031,5.827
1.65,0.031,5.777
1.653,0.033,5.727
1.656,0.036,5.727
1.658,0.033,5.727
1.661,0.022,5.777
1.664,0.011,5.777
1.667,0.009,5.827
1.669,0.012,5.827
1.672,0.012,5.727
1.675,0.009,5.627
1.678,0.008,5.627
1.681,0.012,5.627
1.683,0.016,5.627
1.686,0.018,5.627
1.689,0.018,5.578
1.692,0.014,5.578
1.694,0.008,5.578
1.697,0.008,5.677
1.7,0.014,5.727
1.703,0.017,5.727
1.706,0.016,5.677
1.708,0.012,5.677
1.711,0.012,5.727
1.714,0.014,5.876
1.717,0.017,5.976
1.719,0.017,5.976
1.722,0.013,6.026
1.725,0.01,6.125
1.728,0.011,6.175
1.731,0.014,6.275
1.733,0.019,6.424
1.736,0.024,6.524
1.739,0.024,6.574
1.742,0.019,6.673
1.744,0.015,6.873
1.747,0.019,7.022
1.75,0.026,7.122
1.753,0.026,7.171
1.756,0.022,7.271
1.758,0.02,7.371
1.761,0.022,7.371
1.764,0.025,7.371
1.767,0.026,7.371
1.769,0.026,7.321
1.772,0.03,7.321
1.775,0.031,7.271
1.778,0.03,7.221
1.781,0.03,7.022
1.783,0.035,6.823
1.786,0.038,6.574
1.789,0.035,6.325
1.792,0.031,6.175
1.794,0.031,6.026
1.797,0.034,5.777
1.8,0.036,5.378
1.803,0.038,5.03
1.806,0.042,4.731
1.808,0.044,4.532
1.811,0.041,4.283
1.814,0.04,3.984
1.817,0.045,3.785
1.819,0.049,3.586
1.822,0.048,3.337
1.825,0.046,3.137
1.828,0.046,2.938
1.831,0.05,2.689
1.833,0.057,2.49
1.836,0.062,2.291
1.839,0.062,2.092
1.842,0.056,1.992
1.844,0.052,1.942
1.847,0.054,1.843
1.85,0.058,1.643
1.853,0.058,1.494
1.856,0.055,1.394
1.858,0.054,1.345
1.861,0.055,1.295
1.864,0.055,1.195
1.867,0.055,1.046
1.869,0.057,0.996
1.872,0.058,0.946
1.875,0.056,0.946
1.878,0.055,0.847
1.881,0.057,0.797
1.883,0.063,0.747
1.886,0.065,0.797
1.889,0.064,0.747
1.892,0.06,0.797
1.894,0.058,0.847
1.897,0.06,0.847
1.9,0.062,0.847
1.903,0.063,0.896
1.906,0.063,0.996
1.908,0.064,1.096
1.911,0.065,1.145
1.914,0.068,1.145
1.917,0.07,1.245
1.919,0.071,1.295
1.922,0.071,1.345
1.925,0.071,1.494
1.928,0.071,1.643
1.931,0.075,1.693
1.933,0.079,1.643
1.936,0.08,1.693
1.939,0.079,1.793
1.942,0.075,1.843
1.944,0.072,1.892
1.947,0.073,1.892
1.95,0.079,1.942
1.953,0.084,1.992
1.956,0.081,2.042
1.958,0.074,2.092
1.961,0.071,2.141
1.964,0.075,2.141
1.967,0.082,2.191
1.969,0.084,2.241
1.972,0.083,2.341
1.975,0.082,2.341
1.978,0.082,2.341
1.981,0.085,2.341
1.983,0.089,2.44
1.986,0.091,2.59
1.989,0.089,2.689
1.992,0.084,2.789
1.994,0.085,2.888
1.997,0.089,3.038
2,0.094,3.088
2.003,0.095,3.137
2.006,0.094,3.237
2.008,0.092,3.287
2.011,0.091,3.386
2.014,0.094,3.486
2.017,0.1,3.536
2.019,0.104,3.586
2.022,0.103,3.685
2.025,0.099,3.785
2.028,0.095,3.884
2.031,0.096,3.934
2.033,0.099,3.984
2.036,0.099,3.984
2.039,0.098,4.034
2.042,0.098,4.133
2.044,0.099,4.233
2.047,0.102,4.233
2.05,0.105,4.183
2.053,0.107,4.183
2.056,0.106,4.183
2.058,0.104,4.283
2.061,0.103,4.283
2.064,0.103,4.233
2.067,0.108,4.183
2.069,0.11,4.183
2.072,0.11,4.233
2.075,0.108,4.283
2.078,0.108,4.233
2.081,0.112,4.183
2.083,0.114,4.133
2.086,0.113,4.133
2.089,0.108,4.133
2.092,0.103,4.133
2.094,0.102,4.084
2.097,0.103,3.984
2.1,0.109,3.934
2.103,0.113,3.934
2.106,0.109,3.884
2.108,0.102,3.934
2.111,0.099,3.884
2.114,0.103,3.884
2.117,0.113,3.835
2.119,0.118,3.735
2.122,0.115,3.685
2.125,0.106,3.635
2.128,0.099,3.635
2.131,0.105,3.536
2.133,0.118,3.386
2.136,0.127,3.337
2.139,0.124,3.287
2.142,0.118,3.287
2.144,0.12,3.337
2.147,0.129,3.386
2.15,0.143,3.386
2.153,0.166,3.337
2.156,0.202,3.337
2.158,0.248,3.386
2.161,0.304,3.436
2.164,0.366,3.486
2.167,0.42,3.536
2.169,0.447,3.685
2.172,0.456,3.835
2.175,0.484,3.934
2.178,0.576,3.984
2.181,0.743,4.034
2.183,0.966,4.133
2.186,1.222,4.233
2.189,1.489,4.432
2.192,1.73,4.631
2.194,1.863,4.681
2.197,1.792,4.731
2.2,1.507,4.681
2.203,1.107,4.631
2.206,0.714,4.631
2.208,0.364,4.681
2.211,0.031,4.681
2.214,-0.262,4.681
2.217,-0.457,4.631
2.219,-0.54,4.482
2.222,-0.565,4.333
2.225,-0.574,4.283
2.228,-0.569,4.333
2.231,-0.55,4.283
2.233,-0.532,4.233
2.236,-0.512,4.084
2.239,-0.479,4.034
2.242,-0.44,3.934
2.244,-0.411,3.835
2.247,-0.392,3.835
2.25,-0.365,3.884
2.253,-0.325,3.884
2.256,-0.284,3.785
2.258,-0.25,3.835
2.261,-0.222,3.934
2.264,-0.195,4.084
2.267,-0.171,4.133
2.269,-0.156,4.133
2.272,-0.158,4.133
2.275,-0.167,4.183
2.278,-0.166,4.233
2.281,-0.157,4.283
2.283,-0.151,4.283
2.286,-0.151,4.283
2.289,-0.153,4.233
2.292,-0.16,4.233
2.294,-0.167,4.233
2.297,-0.165,4.283
2.3,-0.152,4.333
2.303,-0.145,4.333
2.306,-0.146,4.283
2.308,-0.144,4.183
2.311,-0.138,4.133
2.314,-0.131,4.084
2.317,-0.115,3.934
2.319,-0.094,3.884
2.322,-0.087,3.934
2.325,-0.094,3.934
2.328,-0.084,3.785
2.331,-0.058,3.586
2.333,-0.06,3.386
2.336,-0.095,3.237
2.339,-0.106,3.038
2.342,-0.066,2.839
2.344,-0.028,2.59
2.347,-0.031,2.341
2.35,-0.046,2.092
2.353,-0.036,1.793
2.356,-0.025,1.544
2.358,-0.036,1.345
2.361,-0.055,1.145
2.364,-0.051,0.946
2.367,-0.03,0.797
2.369,-0.012,0.697
2.372,-0.008,0.747
2.375,-0.019,0.797
2.378,-0.027,0.896
2.381,-0.019,0.996
2.383,-0.001,1.145
2.386,0.004,1.345
2.389,-0.007,1.594
2.392,-0.012,1.892
2.394,-0.002,2.191
2.397,0.004,2.49
2.4,0,2.789
2.403,-0.007,3.187
2.406,-0.011,3.635
2.408,-0.015,4.084
2.411,-0.025,4.681
2.414,-0.036,5.279
2.417,-0.047,5.777
2.419,-0.068,6.225
2.422,-0.101,6.723
2.425,-0.13,7.271
2.428,-0.142,7.869
2.431,-0.138,8.466
2.433,-0.13,8.964
2.436,-0.127,9.412
2.439,-0.132,9.761
2.442,-0.14,10.209
2.444,-0.152,10.757
2.447,-0.162,11.205
2.45,-0.163,11.554
2.453,-0.157,11.902
2.456,-0.156,12.301
2.458,-0.163,12.6
2.461,-0.168,12.948
2.464,-0.167,13.247
2.467,-0.167,13.446
2.469,-0.171,13.645
2.472,-0.177,13.845
2.475,-0.179,14.044
2.478,-0.179,14.193
2.481,-0.178,14.293
2.483,-0.18,14.442
2.486,-0.185,14.592
2.489,-0.189,14.741
2.492,-0.192,14.791
2.494,-0.195,14.841
2.497,-0.198,14.841
2.5,-0.201,14.841
2.503,-0.207,14.89
2.506,-0.216,14.99
2.508,-0.225,15.139
2.511,-0.228,15.189
2.514,-0.228,15.139
2.517,-0.228,15.04
2.519,-0.237,15.04
2.522,-0.246,15.139
2.525,-0.253,15.189
2.528,-0.258,15.09
2.531,-0.263,14.99
2.533,-0.268,14.99
2.536,-0.274,15.04
2.539,-0.282,15.04
2.542,-0.291,14.89
2.544,-0.295,14.791
2.547,-0.296,14.691
2.55,-0.297,14.542
2.553,-0.304,14.293
2.556,-0.31,14.044
2.558,-0.315,13.745
2.561,-0.316,13.396
2.564,-0.317,12.898
2.567,-0.319,12.351
2.569,-0.323,11.803
2.572,-0.329,11.255
2.575,-0.331,10.608
2.578,-0.33,9.96
2.581,-0.326,9.313
2.583,-0.325,8.665
2.586,-0.326,8.018
2.589,-0.329,7.42
2.592,-0.332,6.873
2.594,-0.33,6.325
2.597,-0.322,5.727
2.6,-0.313,5.08
2.603,-0.309,4.532
2.606,-0.31,4.084
2.608,-0.308,3.635
2.611,-0.3,3.137
2.614,-0.293,2.59
2.617,-0.291,2.092
2.619,-0.291,1.594
2.622,-0.289,1.245
2.625,-0.285,0.946
2.628,-0.276,0.747
2.631,-0.267,0.548
2.633,-0.259,0.349
2.636,-0.255,0.199
2.639,-0.252,-0.05
2.642,-0.247,-0.249
2.644,-0.239,-0.448
2.647,-0.232,-0.548
2.65,-0.224,-0.548
2.653,-0.218,-0.548
2.656,-0.214,-0.598
2.658,-0.207,-0.598
2.661,-0.197,-0.548
2.664,-0.188,-0.548
2.667,-0.182,-0.498
2.669,-0.177,-0.448
2.672,-0.172,-0.299
2.675,-0.168,-0.249
2.678,-0.161,-0.199
2.681,-0.147,-0.1
2.683,-0.133,-0.05
2.686,-0.127,0
2.689,-0.127,0.1
2.692,-0.125,0.199
2.694,-0.117,0.199
2.697,-0.106,0.149
2.7,-0.096,0.1
2.703,-0.091,0.05
2.706,-0.087,0
2.708,-0.079,-0.1
2.711,-0.068,-0.1
2.714,-0.06,-0.05
2.717,-0.055,-0.05
2.719,-0.053,-0.199
2.722,-0.049,-0.398
2.725,-0.045,-0.448
2.728,-0.038,-0.299
2.731,-0.026,-0.249
2.733,-0.017,-0.299
2.736,-0.017,-0.498
2.739,-0.019,-0.548
2.742,-0.015,-0.498
2.744,-0.004,-0.448
2.747,0.004,-0.398
2.75,0.007,-0.448
2.753,0.01,-0.498
2.756,0.012,-0.498
2.758,0.013,-0.448
2.761,0.021,-0.398
2.764,0.031,-0.349
2.767,0.037,-0.299
2.769,0.037,-0.299
2.772,0.035,-0.349
2.775,0.037,-0.249
2.778,0.043,-0.1
2.781,0.047,-0.05
2.783,0.049,-0.1
2.786,0.052,-0.05
2.789,0.057,0.1
2.792,0.063,0.249
2.794,0.068,0.299
2.797,0.071,0.299
2.8,0.072,0.349
2.803,0.07,0.398
2.806,0.068,0.498
2.808,0.072,0.647
2.811,0.079,0.797
2.814,0.083,0.797
2.817,0.081,0.797
2.819,0.078,0.797
2.822,0.078,0.896
2.825,0.081,1.046
2.828,0.084,1.195
2.831,0.088,1.245
2.833,0.089,1.245
2.836,0.087,1.245
2.839,0.084,1.394
2.842,0.083,1.544
2.844,0.088,1.643
2.847,0.094,1.643
2.85,0.095,1.643
2.853,0.093,1.693
2.856,0.089,1.743
2.858,0.087,1.843
2.861,0.091,1.843
2.864,0.096,1.793
2.867,0.098,1.643
2.869,0.096,1.594
2.872,0.094,1.594
2.875,0.095,1.594
2.878,0.098,1.544
2.881,0.099,1.444
2.883,0.1,1.295
2.886,0.1,1.195
2.889,0.101,1.145
2.892,0.104,1.096
2.894,0.107,0.996
2.897,0.108,0.896
2.9,0.107,0.847
2.903,0.105,0.847
2.906,0.104,0.946
2.908,0.107,0.996
2.911,0.112,1.046
2.914,0.113,1.046
2.917,0.109,1.046
2.919,0.103,1.145
2.922,0.102,1.195
2.925,0.105,1.245
2.928,0.108,1.245
2.931,0.113,1.245
2.933,0.117,1.195
2.936,0.118,1.145
2.939,0.113,1.195
2.942,0.109,1.195
2.944,0.109,1.195
2.947,0.113,1.046
2.95,0.117,0.896
2.953,0.116,0.647
2.956,0.112,0.598
2.958,0.11,0.847
2.961,0.113,1.195
2.964,0.118,1.345
2.967,0.117,1.345
2.969,0.112,1.295
2.972,0.11,1.195
2.975,0.111,1.096
2.978,0.113,1.046
2.981,0.115,1.195
2.983,0.118,1.394
2.986,0.117,1.494
2.989,0.112,1.444
2.992,0.108,1.345
2.994,0.11,1.245
2.997,0.113,1.195
3,0.113,1.195
3.003,0.112,1.245
3.006,0.114,1.145
3.008,0.118,1.046
3.011,0.119,1.046
3.014,0.12,1.245
3.017,0.12,1.295
3.019,0.118,1.245
3.022,0.115,1.096
3.025,0.113,1.145
3.028,0.114,1.195
3.031,0.118,1.195
3.033,0.118,1.145
3.036,0.115,1.096
3.039,0.113,1.096
3.042,0.116,1.145
3.044,0.12,1.195
3.047,0.122,1.245
3.05,0.121,1.195
3.053,0.118,1.096
3.056,0.113,1.096
3.058,0.111,1.096
3.061,0.117,1.145
3.064,0.124,1.096
3.067,0.124,1.096
3.069,0.118,1.145
3.072,0.113,1.245
3.075,0.115,1.394
3.078,0.119,1.444
3.081,0.12,1.444
3.083,0.117,1.444
3.086,0.113,1.394
3.089,0.11,1.444
3.092,0.113,1.494
3.094,0.118,1.544
3.097,0.121,1.544
3.1,0.118,1.494
3.103,0.115,1.444
3.106,0.114,1.444
3.108,0.117,1.444
3.111,0.121,1.444
3.114,0.123,1.494
3.117,0.123,1.444
3.119,0.118,1.444
3.122,0.114,1.444
3.125,0.117,1.544
3.128,0.122,1.643
3.131,0.122,1.643
3.133,0.12,1.594
3.136,0.125,1.594
3.139,0.136,1.643
3.142,0.147,1.693
3.144,0.156,1.693
3.147,0.171,1.743
3.15,0.185,1.843
3.153,0.194,1.942
3.156,0.199,1.992
3.158,0.209,2.042
3.161,0.223,2.141
3.164,0.233,2.141
3.167,0.243,2.092
3.169,0.25,2.092
3.172,0.248,2.092
3.175,0.238,2.092
3.178,0.235,2.141
3.181,0.244,2.241
3.183,0.25,2.241
3.186,0.243,2.241
3.189,0.232,2.241
3.192,0.238,2.241
3.194,0.26,2.241
3.197,0.283,2.241
3.2,0.291,2.191
3.203,0.285,2.291
3.206,0.276,2.44
3.208,0.276,2.54
3.211,0.28,2.49
3.214,0.279,2.49
3.217,0.273,2.639
3.219,0.272,2.789
3.222,0.272,2.938
3.225,0.266,3.088
3.228,0.259,3.237
3.231,0.252,3.386
3.233,0.237,3.536
3.236,0.209,3.685
3.239,0.179,3.934
3.242,0.161,4.133
3.244,0.145,4.283
3.247,0.12,4.382
3.25,0.092,4.631
3.253,0.072,4.98
3.256,0.066,5.378
3.258,0.073,5.677
3.261,0.086,5.876
3.264,0.094,6.026
3.267,0.089,6.225
3.269,0.079,6.375
3.272,0.079,6.524
3.275,0.089,6.624
3.278,0.098,6.673
3.281,0.094,6.624
3.283,0.079,6.524
3.286,0.069,6.424
3.289,0.066,6.325
3.292,0.069,6.275
3.294,0.071,6.125
3.297,0.07,5.926
3.3,0.069,5.677
3.303,0.068,5.528
3.306,0.068,5.329
3.308,0.067,5.179
3.311,0.07,5.03
3.314,0.073,4.98
3.317,0.073,4.781
3.319,0.069,4.582
3.322,0.066,4.432
3.325,0.068,4.382
3.328,0.072,4.333
3.331,0.076,4.233
3.333,0.077,4.133
3.336,0.074,4.084
3.339,0.071,4.133
3.342,0.073,4.233
3.344,0.076,4.333
3.347,0.076,4.333
3.35,0.073,4.333
3.353,0.072,4.432
3.356,0.075,4.631
3.358,0.078,4.831
3.361,0.081,5.03
3.364,0.083,5.129
3.367,0.081,5.229
3.369,0.078,5.428
3.372,0.078,5.627
3.375,0.082,5.827
3.378,0.087,5.976
3.381,0.089,6.076
3.383,0.089,6.175
3.386,0.086,6.225
3.389,0.084,6.375
3.392,0.085,6.474
3.394,0.089,6.424
3.397,0.09,6.275
3.4,0.085,6.175
3.403,0.082,6.076
3.406,0.084,5.976
3.408,0.091,5.827
3.411,0.095,5.627
3.414,0.094,5.329
3.417,0.09,5.08
3.419,0.089,4.88
3.422,0.089,4.781
3.425,0.094,4.582
3.428,0.096,4.283
3.431,0.096,3.934
3.433,0.094,3.635
3.436,0.09,3.386
3.439,0.089,3.237
3.442,0.09,3.088
3.444,0.095,2.888
3.447,0.099,2.59
3.45,0.096,2.291
3.453,0.091,2.141
3.456,0.091,2.042
3.458,0.096,1.942
3.461,0.099,1.793
3.464,0.098,1.643
3.467,0.096,1.544
3.469,0.095,1.494
3.472,0.095,1.394
3.475,0.097,1.295
3.478,0.102,1.195
3.481,0.104,1.096
3.483,0.102,1.046
3.486,0.098,1.096
3.489,0.097,1.145
3.492,0.101,1.195
3.494,0.104,1.096
3.497,0.104,1.046
3.5,0.101,1.046
3.503,0.097,1.145
3.506,0.096,1.245
3.508,0.1,1.295
3.511,0.103,1.245
3.514,0.102,1.245
3.517,0.095,1.245
3.519,0.089,1.345
3.522,0.09,1.394
3.525,0.096,1.345
3.528,0.103,1.295
3.531,0.105,1.245
3.533,0.101,1.245
3.536,0.096,1.345
3.539,0.097,1.295
3.542,0.103,1.245
3.544,0.107,1.245
3.547,0.107,1.345
3.55,0.104,1.444
3.553,0.102,1.494
3.556,0.103,1.494
3.558,0.111,1.394
3.561,0.119,1.345
3.564,0.119,1.444
3.567,0.112,1.544
3.569,0.108,1.643
3.572,0.113,1.743
3.575,0.121,1.843
3.578,0.124,1.992
3.581,0.124,2.191
3.583,0.12,2.341
3.586,0.114,2.44
3.589,0.113,2.54
3.592,0.123,2.689
3.594,0.134,2.839
3.597,0.136,2.988
3.6,0.13,3.088
3.603,0.127,3.187
3.606,0.133,3.337
3.608,0.15,3.486
3.611,0.178,3.536
3.614,0.215,3.586
3.617,0.258,3.635
3.619,0.308,3.635
3.622,0.364,3.635
3.625,0.414,3.685
3.628,0.444,3.735
3.631,0.464,3.685
3.633,0.508,3.635
3.636,0.611,3.586
3.639,0.789,3.586
3.642,1.029,3.586
3.644,1.299,3.586
3.647,1.568,3.436
3.65,1.799,3.337
3.653,1.908,3.287
3.656,1.798,3.287
3.658,1.469,3.337
3.661,1.046,3.337
3.664,0.652,3.237
3.667,0.302,3.137
3.669,-0.036,3.088
3.672,-0.322,3.137
3.675,-0.492,3.187
3.678,-0.554,3.137
3.681,-0.573,3.088
3.683,-0.583,3.088
3.686,-0.575,3.137
3.689,-0.55,3.287
3.692,-0.525,3.337
3.694,-0.501,3.337
3.697,-0.469,3.287
3.7,-0.439,3.287
3.703,-0.418,3.436
3.706,-0.398,3.586
3.708,-0.361,3.685
3.711,-0.31,3.685
3.714,-0.262,3.685
3.717,-0.224,3.785
3.719,-0.194,3.884
3.722,-0.168,3.984
3.725,-0.147,4.034
3.728,-0.135,4.084
3.731,-0.137,4.133
3.733,-0.145,4.133
3.736,-0.147,4.133
3.739,-0.139,4.034
3.742,-0.127,3.984
3.744,-0.12,3.984
3.747,-0.123,4.034
3.75,-0.129,3.984
3.753,-0.132,3.984
3.756,-0.129,3.984
3.758,-0.124,3.984
3.761,-0.125,3.884
3.764,-0.132,3.785
3.767,-0.139,3.735
3.769,-0.142,3.735
3.772,-0.141,3.685
3.775,-0.137,3.536
3.778,-0.135,3.386
3.781,-0.135,3.237
3.783,-0.141,3.237
3.786,-0.147,3.187
3.789,-0.146,3.088
3.792,-0.14,2.888
3.794,-0.133,2.739
3.797,-0.133,2.59
3.8,-0.138,2.39
3.803,-0.142,2.141
3.806,-0.139,1.942
3.808,-0.137,1.743
3.811,-0.135,1.494
3.814,-0.137,1.245
3.817,-0.14,0.996
3.819,-0.142,0.797
3.822,-0.138,0.697
3.825,-0.131,0.598
3.828,-0.127,0.548
3.831,-0.128,0.598
3.833,-0.132,0.647
3.836,-0.132,0.647
3.839,-0.128,0.647
3.842,-0.126,0.647
3.844,-0.123,0.697
3.847,-0.123,0.797
3.85,-0.122,0.896
3.853,-0.123,0.946
3.856,-0.123,0.946
3.858,-0.118,1.096
3.861,-0.113,1.245
3.864,-0.113,1.444
3.867,-0.116,1.594
3.869,-0.117,1.743
3.872,-0.111,1.942
3.875,-0.103,2.092
3.878,-0.099,2.341
3.881,-0.1,2.54
3.883,-0.102,2.739
3.886,-0.102,2.938
3.889,-0.099,3.088
3.892,-0.098,3.237
3.894,-0.096,3.386
3.897,-0.095,3.536
3.9,-0.097,3.685
3.903,-0.099,3.785
3.906,-0.096,3.884
3.908,-0.089,3.934
3.911,-0.084,3.884
3.914,-0.086,3.835
3.917,-0.093,3.835
3.919,-0.096,3.884
3.922,-0.095,3.835
3.925,-0.094,3.735
3.928,-0.094,3.635
3.931,-0.094,3.486
3.933,-0.095,3.386
3.936,-0.098,3.337
3.939,-0.099,3.287
3.942,-0.097,3.287
3.944,-0.096,3.237
3.947,-0.102,3.187
3.95,-0.11,3.187
3.953,-0.116,3.187
3.956,-0.117,3.187
3.958,-0.117,3.237
3.961,-0.119,3.187
3.964,-0.121,3.088
3.967,-0.118,3.187
3.969,-0.113,3.436
3.972,-0.103,3.635
3.975,-0.094,3.635
3.978,-0.087,3.586
3.981,-0.084,3.635
3.983,-0.084,3.835
3.986,-0.08,3.984
3.989,-0.075,4.034
3.992,-0.069,4.084
3.994,-0.065,4.084
3.997,-0.065,4.183
4,-0.074,4.283
4.003,-0.088,4.432
4.006,-0.096,4.482
4.008,-0.096,4.432
4.011,-0.097,4.432
4.014,-0.108,4.532
4.017,-0.123,4.681
4.019,-0.13,4.681
4.022,-0.12,4.631
4.025,-0.106,4.631
4.028,-0.1,4.681
4.031,-0.106,4.681
4.033,-0.113,4.731
4.036,-0.113,4.831
4.039,-0.109,4.93
4.042,-0.111,4.98
4.044,-0.115,5.08
4.047,-0.118,5.229
4.05,-0.115,5.478
4.053,-0.113,5.627
4.056,-0.112,5.876
4.058,-0.113,6.125
4.061,-0.116,6.375
4.064,-0.12,6.574
4.067,-0.123,6.873
4.069,-0.127,7.321
4.072,-0.136,7.669
4.075,-0.15,7.869
4.078,-0.168,8.118
4.081,-0.192,8.416
4.083,-0.215,8.765
4.086,-0.224,9.163
4.089,-0.216,9.562
4.092,-0.201,9.91
4.094,-0.195,10.209
4.097,-0.198,10.508
4.1,-0.205,10.757
4.103,-0.211,11.106
4.106,-0.209,11.454
4.108,-0.198,11.703
4.111,-0.186,11.803
4.114,-0.185,11.952
4.117,-0.192,12.201
4.119,-0.193,12.351
4.122,-0.182,12.4
4.125,-0.171,12.45
4.128,-0.166,12.5
4.131,-0.164,12.55
4.133,-0.157,12.6
4.136,-0.151,12.649
4.139,-0.145,12.699
4.142,-0.138,12.6
4.144,-0.132,12.5
4.147,-0.127,12.4
4.15,-0.125,12.4
4.153,-0.119,12.351
4.156,-0.111,12.201
4.158,-0.104,12.052
4.161,-0.102,11.952
4.164,-0.098,11.803
4.167,-0.093,11.604
4.169,-0.086,11.305
4.172,-0.079,11.006
4.175,-0.073,10.707
4.178,-0.065,10.359
4.181,-0.06,10.06
4.183,-0.057,9.811
4.186,-0.054,9.462
4.189,-0.048,8.964
4.192,-0.039,8.516
4.194,-0.031,8.118
4.197,-0.028,7.719
4.2,-0.03,7.221
4.203,-0.027,6.624
4.206,-0.02,6.076
4.208,-0.012,5.627
4.211,-0.008,5.229
4.214,-0.007,4.93
4.217,-0.004,4.532
4.219,0,4.133
4.222,0.006,3.785
4.225,0.012,3.337
4.228,0.015,2.839
4.231,0.015,2.39
4.233,0.018,2.042
4.236,0.026,1.793
4.239,0.034,1.494
4.242,0.039,1.245
4.244,0.043,0.996
4.247,0.045,0.797
4.25,0.044,0.598
4.253,0.045,0.398
4.256,0.051,0.149
4.258,0.06,-0.1
4.261,0.063,-0.299
4.264,0.063,-0.448
4.267,0.065,-0.548
4.269,0.068,-0.647
4.272,0.07,-0.647
4.275,0.075,-0.747
4.278,0.079,-0.847
4.281,0.08,-0.946
4.283,0.076,-1.046
4.286,0.076,-1.046
4.289,0.083,-1.046
4.292,0.089,-1.046
4.294,0.089,-1.145
4.297,0.086,-1.195
4.3,0.085,-1.096
4.303,0.085,-0.996
4.306,0.088,-0.946
4.308,0.093,-0.946
4.311,0.096,-0.896
4.314,0.096,-0.797
4.317,0.095,-0.697
4.319,0.099,-0.548
4.322,0.103,-0.498
4.325,0.106,-0.498
4.328,0.105,-0.398
4.331,0.105,-0.299
4.333,0.105,-0.149
4.336,0.107,0.05
4.339,0.111,0.249
4.342,0.114,0.398
4.344,0.112,0.548
4.347,0.108,0.647
4.35,0.105,0.847
4.353,0.107,0.946
4.356,0.111,1.046
4.358,0.117,1.145
4.361,0.121,1.195
4.364,0.118,1.345
4.367,0.113,1.444
4.369,0.113,1.544
4.372,0.12,1.544
4.375,0.125,1.544
4.378,0.123,1.594
4.381,0.118,1.643
4.383,0.117,1.594
4.386,0.118,1.544
4.389,0.119,1.544
4.392,0.121,1.544
4.394,0.12,1.594
4.397,0.118,1.494
4.4,0.118,1.444
4.403,0.12,1.345
4.406,0.124,1.295
4.408,0.127,1.245
4.411,0.127,1.195
4.414,0.124,1.195
4.417,0.123,1.195
4.419,0.125,1.245
4.422,0.13,1.195
4.425,0.133,1.096
4.428,0.132,0.946
4.431,0.128,0.797
4.433,0.127,0.847
4.436,0.128,0.996
4.439,0.132,1.046
4.442,0.133,0.946
4.444,0.133,0.896
4.447,0.132,0.946
4.45,0.132,1.096
4.453,0.132,1.195
4.456,0.137,1.195
4.458,0.141,1.195
4.461,0.142,1.295
4.464,0.141,1.394
4.467,0.137,1.494
4.469,0.137,1.594
4.472,0.142,1.643
4.475,0.145,1.693
4.478,0.143,1.743
4.481,0.138,1.892
4.483,0.135,1.942
4.486,0.136,1.942
4.489,0.138,1.942
4.492,0.138,1.942
4.494,0.136,2.092
4.497,0.135,2.191
4.5,0.137,2.291
4.503,0.139,2.291
4.506,0.141,2.191
4.508,0.142,2.141
4.511,0.142,2.191
4.514,0.139,2.241
4.517,0.136,2.241
4.519,0.137,2.241
4.522,0.141,2.191
4.525,0.144,2.141
4.528,0.142,2.141
4.531,0.139,2.141
4.533,0.136,2.141
4.536,0.135,2.141
4.539,0.138,2.092
4.542,0.141,2.042
4.544,0.14,2.092
4.547,0.136,2.092
4.55,0.132,2.092
4.553,0.132,2.042
4.556,0.136,2.042
4.558,0.138,2.042
4.561,0.137,2.092
4.564,0.134,2.141
4.567,0.132,2.141
4.569,0.136,2.141
4.572,0.141,2.191
4.575,0.143,2.191
4.578,0.141,2.141
4.581,0.136,2.092
4.583,0.133,2.141
4.586,0.136,2.191
4.589,0.14,2.191
4.592,0.143,2.141
4.594,0.143,2.141
4.597,0.142,2.191
4.6,0.141,2.241
4.603,0.141,2.241
4.606,0.143,2.241
4.608,0.147,2.191
4.611,0.147,2.141
4.614,0.143,2.191
4.617,0.14,2.291
4.619,0.142,2.341
4.622,0.145,2.341
4.625,0.144,2.341
4.628,0.142,2.39
4.631,0.141,2.49
4.633,0.14,2.54
4.636,0.139,2.54
4.639,0.141,2.54
4.642,0.144,2.49
4.644,0.145,2.54
4.647,0.143,2.639
4.65,0.143,2.689
4.653,0.146,2.689
4.656,0.147,2.639
4.658,0.145,2.639
4.661,0.142,2.739
4.664,0.142,2.789
4.667,0.144,2.739
4.669,0.147,2.689
4.672,0.15,2.689
4.675,0.151,2.739
4.678,0.149,2.839
4.681,0.143,2.888
4.683,0.141,2.938
4.686,0.143,2.938
4.689,0.147,2.938
4.692,0.151,2.938
4.694,0.149,2.988
4.697,0.144,3.038
4.7,0.14,3.137
4.703,0.142,3.237
4.706,0.146,3.187
4.708,0.149,3.088
4.711,0.148,3.038
4.714,0.145,3.137
4.717,0.143,3.187
4.719,0.143,3.137
4.722,0.142,3.088
4.725,0.142,3.088
4.728,0.142,3.038
4.731,0.142,3.038
4.733,0.142,3.038
4.736,0.14,3.038
4.739,0.14,3.038
4.742,0.142,3.038
4.744,0.143,3.038
4.747,0.14,3.038
4.75,0.138,2.988
4.753,0.142,2.938
4.756,0.145,2.888
4.758,0.143,2.888
4.761,0.137,2.888
4.764,0.133,2.888
4.767,0.135,2.888
4.769,0.141,2.888
4.772,0.152,2.888
4.775,0.165,2.839
4.778,0.168,2.839
4.781,0.167,2.888
4.783,0.175,2.938
4.786,0.195,2.988
4.789,0.213,2.938
4.792,0.224,2.888
4.794,0.234,2.888
4.797,0.247,2.938
4.8,0.256,2.988
4.803,0.263,2.988
4.806,0.272,2.988
4.808,0.275,2.938
4.811,0.262,2.888
4.814,0.246,2.888
4.817,0.249,2.888
4.819,0.267,2.938
4.822,0.272,2.938
4.825,0.257,2.938
4.828,0.249,2.938
4.831,0.263,2.988
4.833,0.289,3.038
4.836,0.303,3.088
4.839,0.3,3.137
4.842,0.296,3.187
4.844,0.293,3.237
4.847,0.288,3.287
4.85,0.281,3.386
4.853,0.279,3.536
4.856,0.286,3.635
4.858,0.291,3.735
4.861,0.284,3.835
4.864,0.268,3.984
4.867,0.258,4.133
4.869,0.257,4.333
4.872,0.252,4.482
4.875,0.241,4.681
4.878,0.223,4.88
4.881,0.201,5.03
4.883,0.176,5.129
4.886,0.147,5.279
4.889,0.119,5.428
4.892,0.104,5.627
4.894,0.105,5.727
4.897,0.114,5.827
4.9,0.119,5.976
4.903,0.114,6.076
4.906,0.104,6.125
4.908,0.097,6.125
4.911,0.094,6.125
4.914,0.094,6.125
4.917,0.091,6.026
4.919,0.084,5.926
4.922,0.075,5.876
4.925,0.069,5.827
4.928,0.066,5.827
4.931,0.065,5.677
4.933,0.062,5.478
4.936,0.065,5.378
4.939,0.072,5.329
4.942,0.077,5.279
4.944,0.074,5.129
4.947,0.066,4.98
4.95,0.062,4.831
4.953,0.066,4.731
4.956,0.073,4.681
4.958,0.075,4.631
4.961,0.071,4.582
4.964,0.067,4.432
4.967,0.069,4.333
4.969,0.076,4.333
4.972,0.082,4.432
4.975,0.08,4.532
4.978,0.073,4.532
4.981,0.065,4.532
4.983,0.064,4.532
4.986,0.068,4.582
4.989,0.07,4.681
4.992,0.068,4.781
4.994,0.067,4.781
4.997,0.07,4.781
5,0.073,4.831
5.003,0.074,5.03
5.006,0.074,5.179
5.008,0.073,5.229
5.011,0.07,5.129
5.014,0.065,5.129
5.017,0.066,5.129
5.019,0.073,5.179
5.022,0.076,5.229
5.025,0.073,5.279
5.028,0.067,5.179
5.031,0.065,5.08
5.033,0.07,4.98
5.036,0.078,4.98
5.039,0.081,4.98
5.042,0.075,4.831
5.044,0.065,4.631
5.047,0.066,4.482
5.05,0.079,4.432
5.053,0.09,4.333
5.056,0.092,4.183
5.058,0.084,4.034
5.061,0.074,3.835
5.064,0.077,3.536
5.067,0.106,3.237
5.069,0.153,3.088
5.072,0.203,2.988
5.075,0.25,2.839
5.078,0.302,2.59
5.081,0.353,2.44
5.083,0.387,2.191
5.086,0.406,1.892
5.089,0.429,1.693
5.092,0.488,1.643
5.094,0.618,1.643
5.097,0.832,1.544
5.1,1.094,1.444
5.103,1.357,1.295
5.106,1.607,1.145
5.108,1.809,0.896
5.111,1.844,0.747
5.114,1.608,0.647
5.117,1.169,0.598
5.119,0.718,0.498
5.122,0.356,0.398
5.125,0.037,0.299
5.128,-0.27,0.199
5.131,-0.501,0.199
5.133,-0.608,0.199
5.136,-0.637,0.199
5.139,-0.648,0.149
5.142,-0.651,0.1
5.144,-0.637,0.1
5.147,-0.619,0.149
5.15,-0.602,0.199
5.153,-0.568,0.299
5.156,-0.517,0.349
5.158,-0.475,0.398
5.161,-0.452,0.448
5.164,-0.431,0.498
5.167,-0.395,0.498
5.169,-0.347,0.548
5.172,-0.299,0.598
5.175,-0.262,0.598
5.178,-0.235,0.647
5.181,-0.212,0.797
5.183,-0.19,0.847
5.186,-0.175,0.847
5.189,-0.174,0.747
5.192,-0.18,0.797
5.194,-0.183,0.896
5.197,-0.176,0.896
5.2,-0.163,0.896
5.203,-0.154,0.847
5.206,-0.157,0.847
5.208,-0.166,0.847
5.211,-0.166,0.896
5.214,-0.161,0.996
5.217,-0.158,1.046
5.219,-0.161,0.996
5.222,-0.163,0.946
5.225,-0.166,0.996
5.228,-0.171,1.046
5.231,-0.172,1.096
5.233,-0.167,0.946
5.236,-0.161,0.797
5.239,-0.16,0.697
5.242,-0.164,0.697
5.244,-0.169,0.697
5.247,-0.171,0.647
5.25,-0.169,0.548
5.253,-0.164,0.398
5.256,-0.161,0.199
5.258,-0.164,0
5.261,-0.166,-0.149
5.264,-0.164,-0.299
5.267,-0.161,-0.498
5.269,-0.16,-0.747
5.272,-0.16,-0.847
5.275,-0.161,-0.847
5.278,-0.163,-0.847
5.281,-0.164,-0.847
5.283,-0.161,-0.896
5.286,-0.157,-0.896
5.289,-0.156,-0.797
5.292,-0.157,-0.697
5.294,-0.159,-0.598
5.297,-0.16,-0.548
5.3,-0.156,-0.498
5.303,-0.15,-0.448
5.306,-0.147,-0.349
5.308,-0.149,-0.199
5.311,-0.152,-0.05
5.314,-0.151,0.199
5.317,-0.145,0.398
5.319,-0.138,0.498
5.322,-0.132,0.598
5.325,-0.132,0.598
5.328,-0.136,0.647
5.331,-0.14,0.697
5.333,-0.138,0.847
5.336,-0.133,1.096
5.339,-0.13,1.345
5.342,-0.131,1.494
5.344,-0.132,1.594
5.347,-0.129,1.643
5.35,-0.124,1.793
5.353,-0.117,1.992
5.356,-0.113,2.191
5.358,-0.114,2.291
5.361,-0.116,2.291
5.364,-0.118,2.341
5.367,-0.119,2.44
5.369,-0.121,2.54
5.372,-0.117,2.54
5.375,-0.111,2.54
5.378,-0.112,2.59
5.381,-0.118,2.689
5.383,-0.122,2.739
5.386,-0.119,2.689
5.389,-0.118,2.639
5.392,-0.122,2.59
5.394,-0.125,2.54
5.397,-0.125,2.54
5.4,-0.125,2.59
5.403,-0.125,2.639
5.406,-0.126,2.639
5.408,-0.132,2.639
5.411,-0.146,2.639
5.414,-0.156,2.739
5.417,-0.155,2.888
5.419,-0.147,2.938
5.422,-0.149,2.938
5.425,-0.161,2.988
5.428,-0.171,3.137
5.431,-0.175,3.287
5.433,-0.177,3.436
5.436,-0.182,3.586
5.439,-0.19,3.685
5.442,-0.2,3.735
5.444,-0.209,3.884
5.447,-0.215,4.034
5.45,-0.219,4.183
5.453,-0.223,4.283
5.456,-0.227,4.333
5.458,-0.232,4.432
5.461,-0.238,4.482
5.464,-0.244,4.582
5.467,-0.246,4.681
5.469,-0.244,4.681
5.472,-0.248,4.681
5.475,-0.261,4.631
5.478,-0.274,4.631
5.481,-0.28,4.731
5.483,-0.282,4.781
5.486,-0.286,4.731
5.489,-0.29,4.681
5.492,-0.295,4.631
5.494,-0.299,4.681
5.497,-0.3,4.681
5.5,-0.298,4.631
5.503,-0.296,4.582
5.506,-0.298,4.482
5.508,-0.302,4.432
5.511,-0.303,4.482
5.514,-0.301,4.532
5.517,-0.299,4.482
5.519,-0.296,4.382
5.522,-0.293,4.283
5.525,-0.29,4.183
5.528,-0.289,4.183
5.531,-0.286,4.183
5.533,-0.278,4.133
5.536,-0.27,3.984
5.539,-0.264,3.934
5.542,-0.26,3.934
5.544,-0.258,3.984
5.547,-0.255,4.084
5.55,-0.246,4.183
5.553,-0.236,4.283
5.556,-0.231,4.283
5.558,-0.229,4.283
5.561,-0.224,4.333
5.564,-0.214,4.382
5.567,-0.204,4.432
5.569,-0.198,4.432
5.572,-0.193,4.382
5.575,-0.188,4.382
5.578,-0.186,4.333
5.581,-0.183,4.283
5.583,-0.175,4.333
5.586,-0.163,4.333
5.589,-0.155,4.283
5.592,-0.151,4.183
5.594,-0.147,4.183
5.597,-0.133,4.183
5.6,-0.115,4.084
5.603,-0.095,3.884
5.606,-0.076,3.685
5.608,-0.058,3.586
5.611,-0.041,3.486
5.614,-0.025,3.337
5.617,-0.007,3.287
5.619,0.009,3.237
5.622,0.026,3.088
5.625,0.039,2.839
5.628,0.046,2.689
5.631,0.055,2.639
5.633,0.071,2.54
5.636,0.091,2.44
5.639,0.102,2.39
5.642,0.097,2.39
5.644,0.086,2.291
5.647,0.081,2.241
5.65,0.084,2.191
5.653,0.089,2.191
5.656,0.094,2.191
5.658,0.097,2.241
5.661,0.102,2.241
5.664,0.113,2.241
5.667,0.132,2.241
5.669,0.147,2.241
5.672,0.149,2.291
5.675,0.146,2.39
5.678,0.146,2.59
5.681,0.146,2.789
5.683,0.142,2.839
5.686,0.14,2.888
5.689,0.142,2.888
5.692,0.142,2.938
5.694,0.134,3.038
5.697,0.128,3.137
5.7,0.131,3.237
5.703,0.132,3.337
5.706,0.123,3.386
5.708,0.106,3.536
5.711,0.091,3.735
5.714,0.079,3.884
5.717,0.065,3.984
5.719,0.05,4.034
5.722,0.036,4.133
5.725,0.026,4.183
5.728,0.022,4.283
5.731,0.026,4.333
5.733,0.035,4.382
5.736,0.041,4.382
5.739,0.042,4.382
5.742,0.039,4.432
5.744,0.036,4.432
5.747,0.041,4.432
5.75,0.052,4.432
5.753,0.056,4.432
5.756,0.049,4.432
5.758,0.039,4.382
5.761,0.036,4.283
5.764,0.041,4.183
5.767,0.043,4.034
5.769,0.044,3.835
5.772,0.045,3.785
5.775,0.045,3.785
5.778,0.043,3.735
5.781,0.043,3.635
5.783,0.046,3.486
5.786,0.048,3.337
5.789,0.047,3.287
5.792,0.049,3.287
5.794,0.052,3.287
5.797,0.053,3.237
5.8,0.052,3.088
5.803,0.055,2.988
5.806,0.06,2.888
5.808,0.06,2.839
5.811,0.055,2.789
5.814,0.055,2.639
5.817,0.061,2.54
5.819,0.064,2.44
5.822,0.06,2.39
5.825,0.058,2.44
5.828,0.06,2.59
5.831,0.062,2.639
5.833,0.063,2.49
5.836,0.065,2.341
5.839,0.069,2.241
5.842,0.069,2.291
5.844,0.064,2.341
5.847,0.062,2.241
5.85,0.068,2.141
5.853,0.072,2.092
5.856,0.071,2.141
5.858,0.068,2.191
5.861,0.067,2.191
5.864,0.068,2.191
5.867,0.07,2.191
5.869,0.075,2.191
5.872,0.076,2.191
5.875,0.072,2.191
5.878,0.066,2.141
5.881,0.068,2.092
5.883,0.075,2.042
5.886,0.078,2.042
5.889,0.075,1.992
5.892,0.075,1.992
5.894,0.079,1.992
5.897,0.083,1.992
5.9,0.086,1.892
5.903,0.091,1.843
5.906,0.09,1.793
5.908,0.083,1.793
5.911,0.079,1.793
5.914,0.084,1.793
5.917,0.093,1.693
5.919,0.094,1.643
5.922,0.089,1.693
5.925,0.084,1.793
5.928,0.084,1.892
5.931,0.087,1.843
5.933,0.09,1.793
5.936,0.093,1.793
5.939,0.092,1.843
5.942,0.089,1.892
5.944,0.088,1.992
5.947,0.09,2.042
5.95,0.092,2.092
5.953,0.093,2.042
5.956,0.094,1.942
5.958,0.094,1.942
5.961,0.094,1.942
5.964,0.096,1.892
5.967,0.1,1.743
5.969,0.104,1.643
5.972,0.102,1.594
5.975,0.097,1.643
5.978,0.094,1.643
5.981,0.098,1.643
5.983,0.103,1.594
5.986,0.107,1.444
5.989,0.107,1.295
5.992,0.103,1.345
5.994,0.102,1.444
5.997,0.104,1.494
6,0.109,1.444
6.003,0.11,1.394
6.006,0.108,1.345
6.008,0.105,1.394
6.011,0.106,1.444
6.014,0.109,1.544
6.017,0.113,1.693
6.019,0.116,1.693
6.022,0.115,1.693
6.025,0.111,1.693
6.028,0.109,1.843
6.031,0.113,1.992
6.033,0.119,2.042
6.036,0.121,2.092
6.039,0.118,2.092
6.042,0.115,2.042
6.044,0.116,2.042
6.047,0.119,2.141
6.05,0.123,2.191
6.053,0.126,2.141
6.056,0.123,2.042
6.058,0.12,2.042
6.061,0.119,2.092
6.064,0.122,2.141
6.067,0.125,2.141
6.069,0.127,2.092
6.072,0.126,2.191
6.075,0.123,2.291
6.078,0.119,2.341
6.081,0.123,2.39
6.083,0.129,2.44
6.086,0.129,2.49
6.089,0.123,2.54
6.092,0.12,2.59
6.094,0.123,2.789
6.097,0.128,2.888
6.1,0.131,2.839
6.103,0.132,2.739
6.106,0.131,2.888
6.108,0.129,3.038
6.111,0.127,3.137
6.114,0.128,3.137
6.117,0.132,3.137
6.119,0.133,3.088
6.122,0.132,3.137
6.125,0.132,3.237
6.128,0.132,3.287
6.131,0.132,3.237
6.133,0.132,3.187
6.136,0.135,3.187
6.139,0.136,3.187
6.142,0.133,3.137
6.144,0.132,3.187
6.147,0.136,3.287
6.15,0.142,3.337
6.153,0.142,3.386
6.156,0.14,3.386
6.158,0.14,3.486
6.161,0.142,3.536
6.164,0.142,3.536
6.167,0.142,3.586
6.169,0.144,3.685
6.172,0.143,3.735
6.175,0.14,3.884
6.178,0.138,3.934
6.181,0.142,3.984
6.183,0.146,3.934
6.186,0.145,3.934
6.189,0.142,3.984
6.192,0.139,3.984
6.194,0.137,3.934
6.197,0.139,3.785
6.2,0.146,3.635
6.203,0.151,3.486
6.206,0.147,3.436
6.208,0.139,3.386
6.211,0.137,3.287
6.214,0.142,3.287
6.217,0.147,3.337
6.219,0.147,3.337
6.222,0.146,3.337
6.225,0.144,3.386
6.228,0.144,3.486
6.231,0.145,3.586
6.233,0.147,3.586
6.236,0.147,3.635
6.239,0.145,3.735
6.242,0.141,3.835
6.244,0.138,3.884
6.247,0.14,3.884
6.25,0.143,3.934
6.253,0.145,4.034
6.256,0.142,4.084
6.258,0.14,4.133
6.261,0.139,4.233
6.264,0.142,4.283
6.267,0.147,4.283
6.269,0.151,4.233
6.272,0.148,4.133
6.275,0.145,4.133
6.278,0.145,4.233
6.281,0.149,4.183
6.283,0.152,4.034
6.286,0.151,3.884
6.289,0.147,3.835
6.292,0.145,3.835
6.294,0.145,3.884
6.297,0.147,3.884
6.3,0.15,3.835
6.303,0.154,3.735
6.306,0.155,3.735
6.308,0.151,3.735
6.311,0.15,3.785
6.314,0.153,3.685
6.317,0.157,3.586
6.319,0.155,3.486
6.322,0.148,3.536
6.325,0.145,3.635
6.328,0.147,3.735
6.331,0.152,3.785
6.333,0.154,3.735
6.336,0.151,3.685
6.339,0.147,3.685
6.342,0.145,3.735
6.344,0.146,3.884
6.347,0.149,3.984
6.35,0.151,3.934
6.353,0.15,3.884
6.356,0.147,3.934
6.358,0.147,4.034
6.361,0.15,4.133
6.364,0.153,4.084
6.367,0.154,3.984
6.369,0.153,3.984
6.372,0.151,4.084
6.375,0.149,4.133
6.378,0.151,4.133
6.381,0.156,4.034
6.383,0.157,3.984
6.386,0.154,4.034
6.389,0.151,4.084
6.392,0.148,4.183
6.394,0.149,4.183
6.397,0.151,4.084
6.4,0.154,3.984
6.403,0.155,3.984
6.406,0.156,4.084
6.408,0.163,4.133
6.411,0.175,4.133
6.414,0.186,4.084
6.417,0.196,4.034
6.419,0.209,4.034
6.422,0.223,4.084
6.425,0.23,4.133
6.428,0.235,4.084
6.431,0.248,4.034
6.433,0.263,4.034
6.436,0.275,4.034
6.439,0.281,4.034
6.442,0.28,4.034
6.444,0.271,4.034
6.447,0.261,4.133
6.45,0.264,4.183
6.453,0.276,4.183
6.456,0.281,4.133
6.458,0.271,4.133
6.461,0.265,4.133
6.464,0.28,4.034
6.467,0.306,3.984
6.469,0.323,3.984
6.472,0.319,4.084
6.475,0.309,4.183
6.478,0.309,4.233
6.481,0.316,4.233
6.483,0.318,4.333
6.486,0.31,4.482
6.489,0.305,4.582
6.492,0.308,4.731
6.494,0.307,4.88
6.497,0.297,5.03
6.5,0.288,5.179
6.503,0.284,5.378
6.506,0.28,5.578
6.508,0.267,5.777
6.511,0.247,5.926
6.514,0.223,6.026
6.517,0.2,6.175
6.519,0.18,6.325
6.522,0.156,6.474
6.525,0.135,6.673
6.528,0.13,6.823
6.531,0.139,6.922
6.533,0.148,6.972
6.536,0.158,6.972
6.539,0.179,7.072
6.542,0.212,7.122
6.544,0.252,7.122
6.547,0.305,7.072
6.55,0.371,6.972
6.553,0.417,6.972
6.556,0.425,6.922
6.558,0.424,6.873
6.561,0.454,6.773
6.564,0.54,6.673
6.567,0.698,6.574
6.569,0.934,6.524
6.572,1.214,6.474
6.575,1.491,6.424
6.578,1.736,6.375
6.581,1.901,6.225
6.583,1.871,6.175
6.586,1.578,6.225
6.589,1.129,6.325
6.592,0.703,6.325
6.594,0.356,6.275
6.597,0.036,6.225
6.6,-0.252,6.225
6.603,-0.443,6.275
6.606,-0.526,6.375
6.608,-0.565,6.574
6.611,-0.587,6.723
6.614,-0.582,6.823
6.617,-0.56,6.773
6.619,-0.548,6.723
6.622,-0.536,6.823
6.625,-0.498,6.972
6.628,-0.449,7.122
6.631,-0.418,7.221
6.633,-0.406,7.271
6.636,-0.387,7.321
6.639,-0.353,7.47
6.642,-0.311,7.57
6.644,-0.273,7.57
6.647,-0.243,7.52
6.65,-0.218,7.52
6.653,-0.197,7.62
6.656,-0.183,7.62
6.658,-0.181,7.52
6.661,-0.185,7.47
6.664,-0.185,7.57
6.667,-0.18,7.719
6.669,-0.176,7.869
6.672,-0.177,7.968
6.675,-0.179,7.918
6.678,-0.181,7.669
6.681,-0.183,7.271
6.683,-0.182,6.823
6.686,-0.179,6.524
6.689,-0.178,6.225
6.692,-0.18,5.926
6.694,-0.18,5.627
6.697,-0.179,5.279
6.7,-0.175,4.831
6.703,-0.173,4.233
6.706,-0.173,3.785
6.708,-0.175,3.436
6.711,-0.178,3.038
6.714,-0.178,2.639
6.717,-0.175,2.291
6.719,-0.175,1.942
6.722,-0.176,1.643
6.725,-0.177,1.295
6.728,-0.175,0.946
6.731,-0.17,0.598
6.733,-0.167,0.199
6.736,-0.17,-0.149
6.739,-0.174,-0.448
6.742,-0.175,-0.747
6.744,-0.171,-1.046
6.747,-0.166,-1.394
6.75,-0.163,-1.693
6.753,-0.163,-1.942
6.756,-0.166,-2.092
6.758,-0.168,-2.291
6.761,-0.166,-2.39
6.764,-0.161,-2.44
6.767,-0.159,-2.49
6.769,-0.16,-2.49
6.772,-0.161,-2.49
6.775,-0.161,-2.54
6.778,-0.158,-2.54
6.781,-0.153,-2.59
6.783,-0.147,-2.59
6.786,-0.146,-2.54
6.789,-0.147,-2.44
6.792,-0.147,-2.39
6.794,-0.143,-2.291
6.797,-0.141,-2.191
6.8,-0.141,-2.092
6.803,-0.142,-1.992
6.806,-0.143,-1.843
6.808,-0.142,-1.643
6.811,-0.137,-1.444
6.814,-0.13,-1.245
6.817,-0.129,-1.096
6.819,-0.132,-0.847
6.822,-0.134,-0.548
6.825,-0.132,-0.299
6.828,-0.127,-0.1
6.831,-0.121,0
6.833,-0.118,0.05
6.836,-0.118,0.249
6.839,-0.122,0.498
6.842,-0.125,0.697
6.844,-0.122,0.797
6.847,-0.117,0.847
6.85,-0.116,0.996
6.853,-0.119,1.145
6.856,-0.123,1.295
6.858,-0.122,1.345
6.861,-0.118,1.394
6.864,-0.115,1.394
6.867,-0.117,1.394
6.869,-0.122,1.494
6.872,-0.128,1.544
6.875,-0.131,1.544
6.878,-0.13,1.544
6.881,-0.129,1.594
6.883,-0.132,1.643
6.886,-0.137,1.743
6.889,-0.142,1.793
6.892,-0.146,1.892
6.894,-0.15,1.992
6.897,-0.153,2.042
6.9,-0.156,2.092
6.903,-0.162,2.092
6.906,-0.17,2.141
6.908,-0.179,2.141
6.911,-0.185,2.191
6.914,-0.187,2.191
6.917,-0.191,2.241
6.919,-0.2,2.241
6.922,-0.211,2.291
6.925,-0.218,2.39
6.928,-0.219,2.39
6.931,-0.219,2.341
6.933,-0.226,2.341
6.936,-0.234,2.54
6.939,-0.24,2.739
6.942,-0.244,2.739
6.944,-0.248,2.639
6.947,-0.252,2.689
6.95,-0.254,2.888
6.953,-0.26,3.137
6.956,-0.267,3.237
6.958,-0.271,3.187
6.961,-0.272,3.187
6.964,-0.272,3.187
6.967,-0.272,3.337
6.969,-0.275,3.536
6.972,-0.277,3.685
6.975,-0.28,3.735
6.978,-0.278,3.685
6.981,-0.27,3.685
6.983,-0.263,3.785
6.986,-0.262,3.884
6.989,-0.264,3.884
6.992,-0.26,3.884
6.994,-0.251,3.934
6.997,-0.244,3.884
7,-0.244,3.835
7.003,-0.245,3.785
7.006,-0.243,3.835
7.008,-0.238,3.835
7.011,-0.232,3.785
7.014,-0.225,3.735
7.017,-0.219,3.735
7.019,-0.216,3.685
7.022,-0.216,3.586
7.025,-0.213,3.436
7.028,-0.204,3.436
7.031,-0.195,3.486
7.033,-0.189,3.486
7.036,-0.185,3.337
7.039,-0.18,3.137
7.042,-0.171,2.988
7.044,-0.163,2.839
7.047,-0.153,2.789
7.05,-0.145,2.839
7.053,-0.139,2.888
7.056,-0.138,2.888
7.058,-0.137,2.839
7.061,-0.127,2.839
7.064,-0.115,2.888
7.067,-0.108,2.888
7.069,-0.108,2.938
7.072,-0.108,2.938
7.075,-0.103,3.038
7.078,-0.093,3.088
7.081,-0.083,3.137
7.083,-0.076,3.137
7.086,-0.074,3.137
7.089,-0.071,3.137
7.092,-0.064,3.187
7.094,-0.052,3.187
7.097,-0.045,3.137
7.1,-0.043,3.088
7.103,-0.042,3.137
7.106,-0.036,3.187
7.108,-0.027,3.088
7.111,-0.017,2.938
7.114,-0.009,2.839
7.117,-0.002,2.739
7.119,0,2.639
7.122,0.002,2.54
7.125,0.008,2.39
7.128,0.021,2.241
7.131,0.031,2.092
7.133,0.031,1.992
7.136,0.031,1.892
7.139,0.032,1.843
7.142,0.036,1.793
7.144,0.041,1.643
7.147,0.05,1.594
7.15,0.058,1.494
7.153,0.06,1.444
7.156,0.059,1.444
7.158,0.064,1.394
7.161,0.075,1.394
7.164,0.083,1.394
7.167,0.079,1.444
7.169,0.074,1.444
7.172,0.075,1.494
7.175,0.084,1.494
7.178,0.093,1.544
7.181,0.098,1.594
7.183,0.099,1.643
7.186,0.096,1.643
7.189,0.097,1.643
7.192,0.1,1.643
7.194,0.105,1.594
7.197,0.11,1.594
7.2,0.114,1.594
7.203,0.113,1.594
7.206,0.108,1.544
7.208,0.106,1.444
7.211,0.112,1.345
7.214,0.119,1.295
7.217,0.123,1.245
7.219,0.123,1.195
7.222,0.123,1.195
7.225,0.124,1.145
7.228,0.124,1.096
7.231,0.124,0.996
7.233,0.125,0.996
7.236,0.128,0.896
7.239,0.139,0.847
7.242,0.156,0.847
7.244,0.175,0.847
7.247,0.19,0.847
7.25,0.2,0.797
7.253,0.203,0.797
7.256,0.205,0.797
7.258,0.216,0.797
7.261,0.234,0.697
7.264,0.245,0.747
7.267,0.248,0.797
7.269,0.255,0.797
7.272,0.268,0.697
7.275,0.272,0.647
7.278,0.26,0.598
7.281,0.246,0.598
7.283,0.242,0.647
7.286,0.24,0.697
7.289,0.235,0.747
7.292,0.231,0.797
7.294,0.236,0.847
7.297,0.248,0.896
7.3,0.262,0.996
7.303,0.268,1.096
7.306,0.263,1.145
7.308,0.257,1.195
7.311,0.258,1.295
7.314,0.26,1.494
7.317,0.253,1.643
7.319,0.245,1.793
7.322,0.245,1.843
7.325,0.246,1.942
7.328,0.236,2.092
7.331,0.224,2.291
7.333,0.219,2.39
7.336,0.219,2.49
7.339,0.209,2.59
7.342,0.19,2.739
7.344,0.175,2.839
7.347,0.157,2.988
7.35,0.131,3.088
7.353,0.097,3.187
7.356,0.072,3.287
7.358,0.065,3.386
7.361,0.07,3.536
7.364,0.075,3.586
7.367,0.078,3.586
7.369,0.081,3.586
7.372,0.085,3.586
7.375,0.087,3.685
7.378,0.086,3.685
7.381,0.086,3.586
7.383,0.083,3.436
7.386,0.07,3.386
7.389,0.058,3.337
7.392,0.059,3.287
7.394,0.07,3.187
7.397,0.075,3.088
7.4,0.07,2.938
7.403,0.065,2.888
7.406,0.065,2.839
7.408,0.069,2.739
7.411,0.074,2.59
7.414,0.076,2.44
7.417,0.073,2.291
7.419,0.069,2.141
7.422,0.068,2.042
7.425,0.071,2.042
7.428,0.075,2.042
7.431,0.075,1.892
7.433,0.074,1.643
7.436,0.071,1.544
7.439,0.068,1.544
7.442,0.066,1.544
7.444,0.069,1.544
7.447,0.072,1.544
7.45,0.074,1.594
7.453,0.075,1.643
7.456,0.075,1.693
7.458,0.075,1.693
7.461,0.076,1.743
7.464,0.079,1.793
7.467,0.078,1.793
7.469,0.073,1.793
7.472,0.07,1.942
7.475,0.071,2.042
7.478,0.074,2.092
7.481,0.073,2.141
7.483,0.071,2.241
7.486,0.072,2.44
7.489,0.075,2.59
7.492,0.078,2.689
7.494,0.083,2.739
7.497,0.086,2.739
7.5,0.084,2.739
7.503,0.077,2.739
7.506,0.07,2.739
7.508,0.069,2.689
7.511,0.073,2.59
7.514,0.079,2.44
7.517,0.083,2.291
7.519,0.079,2.241
7.522,0.072,2.141
7.525,0.074,2.042
7.528,0.081,1.892
7.531,0.084,1.693
7.533,0.081,1.544
7.536,0.078,1.394
7.539,0.082,1.295
7.542,0.088,1.195
7.544,0.092,1.096
7.547,0.093,0.946
7.55,0.089,0.847
7.553,0.083,0.747
7.556,0.084,0.697
7.558,0.093,0.697
7.561,0.096,0.598
7.564,0.087,0.448
7.567,0.079,0.349
7.569,0.083,0.349
7.572,0.09,0.299
7.575,0.09,0.199
7.578,0.087,0.1
7.581,0.088,0.05
7.583,0.091,0.05
7.586,0.089,-0.05
7.589,0.089,-0.1
7.592,0.093,-0.1
7.594,0.097,-0.05
7.597,0.094,-0.1
7.6,0.089,-0.249
7.603,0.085,-0.299
7.606,0.084,-0.249
7.608,0.085,-0.199
7.611,0.09,-0.199
7.614,0.094,-0.249
7.617,0.091,-0.249
7.619,0.085,-0.149
7.622,0.082,-0.05
7.625,0.088,-0.05
7.628,0.099,-0.05
7.631,0.108,0
7.633,0.109,0.1
7.636,0.107,0.1
7.639,0.103,0.149
7.642,0.102,0.199
7.644,0.101,0.249
7.647,0.096,0.249
7.65,0.089,0.299
7.653,0.089,0.349
7.656,0.094,0.448
7.658,0.099,0.498
7.661,0.103,0.498
7.664,0.106,0.548
7.667,0.107,0.647
7.669,0.102,0.747
7.672,0.097,0.847
7.675,0.099,0.896
7.678,0.107,0.946
7.681,0.108,0.996
7.683,0.104,1.096
7.686,0.106,1.245
7.689,0.114,1.295
7.692,0.118,1.345
7.694,0.115,1.394
7.697,0.11,1.444
7.7,0.108,1.594
7.703,0.104,1.693
7.706,0.105,1.843
7.708,0.11,1.942
7.711,0.113,2.042
7.714,0.112,2.092
7.717,0.108,2.141
7.719,0.108,2.191
7.722,0.108,2.341
7.725,0.107,2.44
7.728,0.108,2.49
7.731,0.113,2.59
7.733,0.113,2.639
7.736,0.11,2.739
7.739,0.111,2.739
7.742,0.117,2.789
7.744,0.122,2.839
7.747,0.122,2.839
7.75,0.119,2.839
7.753,0.116,2.789
7.756,0.113,2.739
7.758,0.11,2.789
7.761,0.113,2.888
7.764,0.115,2.938
7.767,0.114,2.988
7.769,0.113,2.988
7.772,0.116,2.988
7.775,0.121,3.038
7.778,0.122,3.038
7.781,0.12,3.038
7.783,0.119,3.038
7.786,0.12,2.988
7.789,0.121,3.038
7.792,0.122,3.137
7.794,0.123,3.287
7.797,0.123,3.337
7.8,0.12,3.287
7.803,0.118,3.287
7.806,0.121,3.337
7.808,0.127,3.386
7.811,0.132,3.436
7.814,0.134,3.486
7.817,0.133,3.486
7.819,0.132,3.486
7.822,0.133,3.536
7.825,0.133,3.586
7.828,0.131,3.635
7.831,0.126,3.586
7.833,0.124,3.536
7.836,0.126,3.536
7.839,0.128,3.635
7.842,0.13,3.685
7.844,0.133,3.635
7.847,0.135,3.586
7.85,0.132,3.635
7.853,0.127,3.735
7.856,0.129,3.785
7.858,0.141,3.785
7.861,0.151,3.735
7.864,0.151,3.685
7.867,0.139,3.685
7.869,0.128,3.735
7.872,0.127,3.835
7.875,0.132,3.884
7.878,0.137,3.884
7.881,0.137,3.884
7.883,0.133,3.934
7.886,0.127,3.984
7.889,0.124,3.934
7.892,0.126,3.934
7.894,0.129,3.884
7.897,0.128,3.884
7.9,0.123,3.934
7.903,0.122,3.984
7.906,0.129,4.034
7.908,0.137,4.084
7.911,0.137,4.034
7.914,0.131,4.034
7.917,0.128,3.984
7.919,0.131,3.984
7.922,0.133,4.084
7.925,0.137,4.133
7.928,0.139,4.133
7.931,0.138,4.133
7.933,0.133,4.133
7.936,0.131,4.133
7.939,0.135,4.183
7.942,0.142,4.183
7.944,0.142,4.183
7.947,0.136,4.233
7.95,0.131,4.382
7.953,0.132,4.532
7.956,0.137,4.532
7.958,0.143,4.482
7.961,0.147,4.482
7.964,0.146,4.532
7.967,0.141,4.631
7.969,0.137,4.681
7.972,0.139,4.731
7.975,0.147,4.681
7.978,0.151,4.582
7.981,0.146,4.582
7.983,0.137,4.731
7.986,0.136,4.831
7.989,0.144,4.88
7.992,0.152,4.831
7.994,0.154,4.831
7.997,0.152,4.88
8,0.151,4.98
8.003,0.151,5.03
8.006,0.157,5.03
8.008,0.18,5.03
8.011,0.218,4.98
8.014,0.262,4.98
8.017,0.315,4.98
8.019,0.378,5.03
8.022,0.443,5.03
8.025,0.486,5.03
8.028,0.505,4.98
8.031,0.535,5.03
8.033,0.617,5.179
8.036,0.772,5.229
8.039,0.997,5.229
8.042,1.269,5.179
8.044,1.552,5.179
8.047,1.8,5.229
8.05,1.955,5.229
8.053,1.94,5.179
8.056,1.71,5.08
8.058,1.32,5.03
8.061,0.902,5.03
8.064,0.538,4.93
8.067,0.21,4.831
8.069,-0.103,4.781
8.072,-0.34,4.731
8.075,-0.444,4.681
8.078,-0.45,4.681
8.081,-0.445,4.731
8.083,-0.453,4.781
8.086,-0.446,4.781
8.089,-0.418,4.781
8.092,-0.385,4.831
8.094,-0.353,4.88
8.097,-0.318,4.98
8.1,-0.281,5.129
8.103,-0.243,5.229
8.106,-0.198,5.378
8.108,-0.151,5.478
8.111,-0.111,5.627
8.114,-0.076,5.827
8.117,-0.044,6.026
8.119,-0.018,6.225
8.122,-0.005,6.424
8.125,0.002,6.673
8.128,0.006,6.972
8.131,0.002,7.321
8.133,-0.009,7.669
8.136,-0.017,8.018
8.139,-0.014,8.367
8.142,-0.007,8.715
8.144,-0.011,9.114
8.147,-0.027,9.462
8.15,-0.05,9.711
8.153,-0.07,10.01
8.156,-0.086,10.259
8.158,-0.109,10.508
8.161,-0.139,10.757
8.164,-0.161,11.006
8.167,-0.166,11.255
8.169,-0.157,11.554
8.172,-0.148,11.753
8.175,-0.144,12.002
8.178,-0.148,12.251
8.181,-0.164,12.5
8.183,-0.181,12.699
8.186,-0.182,12.898
8.189,-0.171,13.147
8.192,-0.166,13.297
8.194,-0.175,13.496
8.197,-0.186,13.645
8.2,-0.193,13.845
8.203,-0.196,13.994
8.206,-0.197,14.094
8.208,-0.195,14.143
8.211,-0.19,14.143
8.214,-0.193,14.094
8.217,-0.196,14.193
8.219,-0.194,14.392
8.222,-0.186,14.592
8.225,-0.18,14.641
8.228,-0.18,14.641
8.231,-0.183,14.592
8.233,-0.186,14.641
8.236,-0.186,14.741
8.239,-0.182,14.841
8.242,-0.176,14.841
8.244,-0.172,14.841
8.247,-0.171,14.94
8.25,-0.171,14.99
8.253,-0.172,15.04
8.256,-0.171,15.09
8.258,-0.166,15.09
8.261,-0.162,15.04
8.264,-0.163,14.99
8.267,-0.166,14.94
8.269,-0.166,14.89
8.272,-0.161,14.741
8.275,-0.156,14.492
8.278,-0.153,14.193
8.281,-0.153,13.894
8.283,-0.154,13.695
8.286,-0.151,13.496
8.289,-0.146,13.147
8.292,-0.14,12.749
8.294,-0.137,12.251
8.297,-0.136,11.753
8.3,-0.135,11.305
8.303,-0.137,10.906
8.306,-0.137,10.508
8.308,-0.133,10.01
8.311,-0.13,9.462
8.314,-0.132,9.014
8.317,-0.137,8.566
8.319,-0.133,8.068
8.322,-0.125,7.57
8.325,-0.121,7.072
8.328,-0.122,6.624
8.331,-0.124,6.225
8.333,-0.127,5.876
8.336,-0.129,5.478
8.339,-0.132,5.03
8.342,-0.132,4.532
8.344,-0.131,4.133
8.347,-0.131,3.835
8.35,-0.135,3.536
8.353,-0.141,3.287
8.356,-0.142,3.038
8.358,-0.14,2.789
8.361,-0.142,2.639
8.364,-0.153,2.44
8.367,-0.166,2.241
8.369,-0.169,2.092
8.372,-0.166,1.992
8.375,-0.168,1.892
8.378,-0.175,1.743
8.381,-0.185,1.594
8.383,-0.191,1.544
8.386,-0.197,1.444
8.389,-0.2,1.345
8.392,-0.2,1.195
8.394,-0.201,1.096
8.397,-0.209,0.996
8.4,-0.219,0.946
8.403,-0.223,0.896
8.406,-0.224,0.797
8.408,-0.224,0.797
8.411,-0.229,0.697
8.414,-0.236,0.548
8.417,-0.243,0.448
8.419,-0.248,0.398
8.422,-0.248,0.299
8.425,-0.243,0.199
8.428,-0.242,0.149
8.431,-0.247,0.1
8.433,-0.254,0.05
8.436,-0.257,0
8.439,-0.257,0
8.442,-0.256,0
8.444,-0.257,-0.05
8.447,-0.26,-0.05
8.45,-0.26,0
8.453,-0.257,0.05
8.456,-0.252,0.05
8.458,-0.248,0.149
8.461,-0.244,0.299
8.464,-0.245,0.448
8.467,-0.246,0.598
8.469,-0.243,0.647
8.472,-0.234,0.747
8.475,-0.226,0.797
8.478,-0.221,0.946
8.481,-0.22,1.145
8.483,-0.217,1.345
8.486,-0.209,1.494
8.489,-0.2,1.544
8.492,-0.194,1.544
8.494,-0.193,1.643
8.497,-0.192,1.843
8.5,-0.187,2.092
8.503,-0.18,2.341
8.506,-0.171,2.54
8.508,-0.161,2.639
8.511,-0.155,2.689
8.514,-0.153,2.639
8.517,-0.149,2.689
8.519,-0.139,2.739
8.522,-0.127,2.789
8.525,-0.118,2.888
8.528,-0.113,2.988
8.531,-0.11,3.088
8.533,-0.107,3.088
8.536,-0.1,3.038
8.539,-0.089,2.988
8.542,-0.077,2.888
8.544,-0.07,2.839
8.547,-0.064,2.888
8.55,-0.059,2.988
8.553,-0.051,2.938
8.556,-0.043,2.739
8.558,-0.034,2.59
8.561,-0.026,2.54
8.564,-0.023,2.54
8.567,-0.022,2.54
8.569,-0.017,2.49
8.572,-0.006,2.39
8.575,0.003,2.291
8.578,0.007,2.191
8.581,0.009,2.191
8.583,0.012,2.241
8.586,0.017,2.291
8.589,0.026,2.191
8.592,0.035,2.092
8.594,0.043,2.092
8.597,0.048,2.141
8.6,0.05,2.191
8.603,0.055,2.191
8.606,0.064,2.191
8.608,0.072,2.291
8.611,0.077,2.39
8.614,0.077,2.49
8.617,0.077,2.59
8.619,0.083,2.639
8.622,0.091,2.739
8.625,0.096,2.789
8.628,0.095,2.888
8.631,0.095,3.088
8.633,0.1,3.237
8.636,0.109,3.337
8.639,0.115,3.386
8.642,0.116,3.486
8.644,0.114,3.586
8.647,0.114,3.586
8.65,0.118,3.586
8.653,0.122,3.685
8.656,0.126,3.735
8.658,0.129,3.835
8.661,0.13,3.884
8.664,0.128,3.884
8.667,0.127,3.835
8.669,0.129,3.785
8.672,0.136,3.685
8.675,0.142,3.685
8.678,0.144,3.685
8.681,0.141,3.685
8.683,0.135,3.685
8.686,0.133,3.635
8.689,0.137,3.486
8.692,0.142,3.386
8.694,0.141,3.337
8.697,0.135,3.337
8.7,0.133,3.287
8.703,0.139,3.187
8.706,0.144,3.038
8.708,0.146,2.988
8.711,0.143,2.938
8.714,0.14,2.988
8.717,0.138,2.988
8.719,0.142,3.038
8.722,0.147,3.038
8.725,0.148,2.988
8.728,0.143,2.888
8.731,0.138,2.839
8.733,0.14,2.839
8.736,0.145,2.839
8.739,0.147,2.839
8.742,0.145,2.839
8.744,0.142,2.839
8.747,0.142,2.888
8.75,0.142,2.988
8.753,0.142,3.088
8.756,0.143,3.038
8.758,0.145,2.938
8.761,0.146,2.938
8.764,0.142,3.038
8.767,0.137,3.088
8.769,0.134,3.038
8.772,0.137,2.988
8.775,0.141,2.988
8.778,0.141,2.988
8.781,0.141,3.038
8.783,0.142,3.088
8.786,0.144,3.088
8.789,0.143,3.038
8.792,0.141,2.988
8.794,0.138,3.038
8.797,0.136,3.137
8.8,0.135,3.187
8.803,0.138,3.187
8.806,0.145,3.187
8.808,0.147,3.187
8.811,0.143,3.237
8.814,0.139,3.237
8.817,0.138,3.237
8.819,0.14,3.237
8.822,0.142,3.137
8.825,0.147,3.038
8.828,0.148,3.038
8.831,0.144,3.038
8.833,0.138,2.988
8.836,0.139,2.839
8.839,0.146,2.739
8.842,0.147,2.639
8.844,0.141,2.639
8.847,0.137,2.689
8.85,0.141,2.739
8.853,0.145,2.639
8.856,0.146,2.49
8.858,0.147,2.39
8.861,0.147,2.44
8.864,0.142,2.54
8.867,0.141,2.59
8.869,0.149,2.59
8.872,0.164,2.54
8.875,0.173,2.54
8.878,0.176,2.49
8.881,0.182,2.49
8.883,0.195,2.49
8.886,0.209,2.44
8.889,0.226,2.49
8.892,0.241,2.49
8.894,0.246,2.54
8.897,0.248,2.54
8.9,0.259,2.49
8.903,0.273,2.44
8.906,0.273,2.44
8.908,0.257,2.44
8.911,0.247,2.39
8.914,0.254,2.44
8.917,0.263,2.49
8.919,0.26,2.49
8.922,0.254,2.49
8.925,0.261,2.54
8.928,0.276,2.639
8.931,0.287,2.739
8.933,0.29,2.789
8.936,0.287,2.789
8.939,0.29,2.839
8.942,0.296,2.938
8.944,0.296,3.137
8.947,0.286,3.287
8.95,0.277,3.337
8.953,0.279,3.386
8.956,0.284,3.536
8.958,0.28,3.735
8.961,0.267,3.934
8.964,0.257,4.133
8.967,0.256,4.283
8.969,0.253,4.432
8.972,0.241,4.582
8.975,0.219,4.88
8.978,0.193,5.129
8.981,0.163,5.378
8.983,0.132,5.578
8.986,0.111,5.727
8.989,0.108,5.876
8.992,0.116,6.026
8.994,0.122,6.225
8.997,0.118,6.325
9,0.108,6.375
9.003,0.102,6.474
9.006,0.099,6.574
9.008,0.099,6.574
9.011,0.099,6.424
9.014,0.094,6.424
9.017,0.084,6.424
9.019,0.077,6.424
9.022,0.077,6.325
9.025,0.082,6.275
9.028,0.083,6.175
9.031,0.079,6.026
9.033,0.077,5.876
9.036,0.075,5.777
9.039,0.076,5.677
9.042,0.077,5.578
9.044,0.075,5.478
9.047,0.07,5.378
9.05,0.07,5.279
9.053,0.077,5.179
9.056,0.084,5.129
9.058,0.086,5.129
9.061,0.083,5.08
9.064,0.079,4.98
9.067,0.079,4.831
9.069,0.082,4.731
9.072,0.085,4.731
9.075,0.084,4.731
9.078,0.079,4.781
9.081,0.077,4.781
9.083,0.08,4.731
9.086,0.084,4.731
9.089,0.084,4.731
9.092,0.081,4.731
9.094,0.078,4.681
9.097,0.073,4.631
9.1,0.071,4.631
9.103,0.077,4.582
9.106,0.084,4.582
9.108,0.083,4.582
9.111,0.076,4.631
9.114,0.075,4.582
9.117,0.079,4.532
9.119,0.082,4.532
9.122,0.083,4.582
9.125,0.083,4.631
9.128,0.084,4.631
9.131,0.083,4.681
9.133,0.082,4.681
9.136,0.087,4.731
9.139,0.094,4.731
9.142,0.094,4.781
9.144,0.088,4.781
9.147,0.084,4.731
9.15,0.087,4.731
9.153,0.093,4.731
9.156,0.096,4.731
9.158,0.096,4.731
9.161,0.094,4.731
9.164,0.089,4.731
9.167,0.089,4.681
9.169,0.094,4.582
9.172,0.101,4.482
9.175,0.102,4.482
9.178,0.096,4.382
9.181,0.09,4.283
9.183,0.089,4.084
9.186,0.091,3.934
9.189,0.095,3.785
9.192,0.098,3.735
9.194,0.098,3.735
9.197,0.097,3.685
9.2,0.099,3.586
9.203,0.102,3.436
9.206,0.104,3.187
9.208,0.103,2.888
9.211,0.1,2.639
9.214,0.099,2.54
9.217,0.099,2.44
9.219,0.103,2.241
9.222,0.105,2.042
9.225,0.103,1.942
9.228,0.099,1.843
9.231,0.097,1.743
9.233,0.098,1.594
9.236,0.099,1.444
9.239,0.1,1.394
9.242,0.101,1.444
9.244,0.101,1.544
9.247,0.101,1.494
9.25,0.103,1.394
9.253,0.108,1.345
9.256,0.109,1.394
9.258,0.108,1.444
9.261,0.107,1.544
9.264,0.106,1.544
9.267,0.105,1.494
9.269,0.105,1.494
9.272,0.108,1.594
9.275,0.112,1.693
9.278,0.11,1.793
9.281,0.106,1.892
9.283,0.106,1.992
9.286,0.112,2.042
9.289,0.116,2.092
9.292,0.113,2.241
9.294,0.108,2.341
9.297,0.105,2.39
9.3,0.109,2.341
9.303,0.116,2.341
9.306,0.12,2.39
9.308,0.118,2.44
9.311,0.115,2.44
9.314,0.116,2.44
9.317,0.12,2.44
9.319,0.123,2.39
9.322,0.124,2.341
9.325,0.124,2.341
9.328,0.123,2.341
9.331,0.123,2.44
9.333,0.125,2.49
9.336,0.131,2.54
9.339,0.136,2.59
9.342,0.136,2.689
9.344,0.132,2.839
9.347,0.132,2.938
9.35,0.132,2.988
9.353,0.132,3.038
9.356,0.132,3.187
9.358,0.135,3.386
9.361,0.134,3.486
9.364,0.131,3.536
9.367,0.13,3.586
9.369,0.135,3.685
9.372,0.142,3.735
9.375,0.142,3.835
9.378,0.139,3.934
9.381,0.136,4.034
9.383,0.137,4.084
9.386,0.141,4.084
9.389,0.144,4.084
9.392,0.143,4.133
9.394,0.14,4.283
9.397,0.137,4.382
9.4,0.137,4.382
9.403,0.14,4.283
9.406,0.146,4.233
9.408,0.148,4.233
9.411,0.146,4.283
9.414,0.141,4.233
9.417,0.139,4.183
9.419,0.144,4.183
9.422,0.151,4.183
9.425,0.156,4.084
9.428,0.154,3.934
9.431,0.148,3.835
9.433,0.142,3.785
9.436,0.141,3.735
9.439,0.147,3.685
9.442,0.154,3.635
9.444,0.153,3.536
9.447,0.147,3.436
9.45,0.14,3.386
9.453,0.14,3.386
9.456,0.146,3.287
9.458,0.15,3.187
9.461,0.148,3.137
9.464,0.146,3.088
9.467,0.149,3.038
9.469,0.156,3.038
9.472,0.164,3.088
9.475,0.18,3.038
9.478,0.213,3.038
9.481,0.26,3.088
9.483,0.317,3.187
9.486,0.382,3.237
9.489,0.442,3.237
9.492,0.478,3.287
9.494,0.489,3.386
9.497,0.506,3.436
9.5,0.574,3.486
9.503,0.718,3.586
9.506,0.93,3.635
9.508,1.183,3.685
9.511,1.45,3.635
9.514,1.709,3.635
9.517,1.899,3.685
9.519,1.915,3.735
9.522,1.685,3.735
9.525,1.271,3.685
9.528,0.823,3.685
9.531,0.44,3.635
9.533,0.108,3.635
9.536,-0.19,3.635
9.539,-0.416,3.586
9.542,-0.532,3.536
9.544,-0.571,3.536
9.547,-0.581,3.536
9.55,-0.576,3.536
9.553,-0.556,3.486
9.556,-0.536,3.386
9.558,-0.522,3.287
9.561,-0.496,3.237
9.564,-0.45,3.287
9.567,-0.41,3.287
9.569,-0.388,3.187
9.572,-0.367,3.137
9.575,-0.327,3.237
9.578,-0.28,3.287
9.581,-0.241,3.287
9.583,-0.209,3.287
9.586,-0.179,3.386
9.589,-0.151,3.436
9.592,-0.136,3.436
9.594,-0.132,3.436
9.597,-0.134,3.586
9.6,-0.136,3.735
9.603,-0.134,3.785
9.606,-0.129,3.735
9.608,-0.126,3.635
9.611,-0.128,3.635
9.614,-0.133,3.685
9.617,-0.134,3.785
9.619,-0.13,3.785
9.622,-0.125,3.785
9.625,-0.123,3.785
9.628,-0.127,3.835
9.631,-0.134,3.884
9.633,-0.14,3.884
9.636,-0.137,3.884
9.639,-0.133,3.785
9.642,-0.135,3.685
9.644,-0.143,3.635
9.647,-0.146,3.536
9.65,-0.14,3.436
9.653,-0.132,3.337
9.656,-0.13,3.187
9.658,-0.135,2.988
9.661,-0.141,2.739
9.664,-0.143,2.44
9.667,-0.139,2.141
9.669,-0.134,1.843
9.672,-0.133,1.494
9.675,-0.134,1.145
9.678,-0.129,0.847
9.681,-0.123,0.647
9.683,-0.119,0.448
9.686,-0.113,0.249
9.689,-0.103,0.05
9.692,-0.091,0
9.694,-0.084,-0.05
9.697,-0.075,-0.1
9.7,-0.063,-0.149
9.703,-0.05,-0.149
9.706,-0.041,-0.1
9.708,-0.031,0.05
9.711,-0.018,0.149
9.714,-0.01,0.199
9.717,-0.002,0.299
9.719,0.01,0.448
9.722,0.013,0.598
9.725,0.002,0.797
9.728,-0.007,1.195
9.731,0,1.594
9.733,0.016,1.843
9.736,0.018,1.942
9.739,0.008,2.042
9.742,0.005,2.191
9.744,0.018,2.341
9.747,0.041,2.59
9.75,0.058,2.938
9.753,0.061,3.287
9.756,0.056,3.586
9.758,0.051,3.835
9.761,0.05,4.133
9.764,0.05,4.482
9.767,0.052,4.731
9.769,0.059,4.93
9.772,0.068,5.179
9.775,0.068,5.478
9.778,0.058,5.777
9.781,0.047,5.976
9.783,0.044,6.225
9.786,0.041,6.474
9.789,0.028,6.723
9.792,0.007,6.922
9.794,-0.012,7.171
9.797,-0.031,7.42
9.8,-0.056,7.669
9.803,-0.082,7.968
9.806,-0.098,8.267
9.808,-0.101,8.616
9.811,-0.104,8.964
9.814,-0.111,9.263
9.817,-0.116,9.711
9.819,-0.122,10.11
9.822,-0.138,10.508
9.825,-0.162,10.807
9.828,-0.175,11.205
9.831,-0.176,11.604
9.833,-0.178,12.002
9.836,-0.19,12.351
9.839,-0.203,12.749
9.842,-0.214,13.197
9.844,-0.225,13.645
9.847,-0.234,14.044
9.85,-0.238,14.343
9.853,-0.24,14.691
9.856,-0.244,14.99
9.858,-0.252,15.388
9.861,-0.262,15.787
9.864,-0.269,16.086
9.867,-0.273,16.235
9.869,-0.275,16.335
9.872,-0.281,16.584
9.875,-0.291,16.833
9.878,-0.298,17.032
9.881,-0.3,17.131
9.883,-0.3,17.281
9.886,-0.301,17.38
9.889,-0.304,17.38
9.892,-0.311,17.38
9.894,-0.318,17.48
9.897,-0.319,17.58
9.9,-0.315,17.629
9.903,-0.313,17.58
9.906,-0.316,17.43
9.908,-0.32,17.181
9.911,-0.321,16.932
9.914,-0.321,16.683
9.917,-0.32,16.384
9.919,-0.317,15.986
9.922,-0.313,15.488
9.925,-0.313,15.04
9.928,-0.312,14.592
9.931,-0.307,14.143
9.933,-0.298,13.596
9.936,-0.292,12.898
9.939,-0.291,12.151
9.942,-0.292,11.454
9.944,-0.292,10.857
9.947,-0.287,10.359
9.95,-0.276,9.861
9.953,-0.264,9.263
9.956,-0.26,8.566
9.958,-0.261,7.968
9.961,-0.257,7.371
9.964,-0.249,6.723
9.967,-0.238,5.976
9.969,-0.229,5.329
9.972,-0.222,4.88
9.975,-0.217,4.532
9.978,-0.215,4.183
9.981,-0.211,3.835
9.983,-0.201,3.486
9.986,-0.19,3.137
9.989,-0.185,2.789
9.992,-0.183,2.59
9.994,-0.179,2.49
9.997,-0.167,2.341
